trial,time,id,Date,fix_time,response,side_1_stim,side_2_stim,latency,Block,Mu,SD,head,outcome,task,gamble_trial,loss,est_mu,est_low,est_high,conf_mu,conf_range,current_task,use_imagery,sure_option
0,125749,1001,2022-07-19,0.623,6666,0,1,10296.900000000001,training,-6,LH,0,0,view,no,-9,NA,NA,NA,NA,NA,view,NA,NA
0,125805,1001,2022-07-19,0.655,6666,0,1,7493.0,training,-6,LH,0,1,view,no,-1,NA,NA,NA,NA,NA,view,NA,NA
0,125819,1001,2022-07-19,0.569,6666,0,1,8515.0,training,-6,LH,0,1,view,no,-2,NA,NA,NA,NA,NA,view,NA,NA
0,125833,1001,2022-07-19,0.617,6666,0,1,2079.4,training,-6,LH,0,1,view,no,-1,NA,NA,NA,NA,NA,view,NA,NA
0,125840,1001,2022-07-19,0.559,6666,0,1,747.1999999999999,training,-6,LH,0,1,view,no,-3,NA,NA,NA,NA,NA,view,NA,NA
0,125847,1001,2022-07-19,0.837,6666,0,1,409.8,training,-6,LH,0,1,view,no,-2,NA,NA,NA,NA,NA,view,NA,NA
0,125853,1001,2022-07-19,0.723,6666,0,1,689.0,training,-6,LH,0,1,view,no,-3,NA,NA,NA,NA,NA,view,NA,NA
0,125900,1001,2022-07-19,0.709,6666,0,1,459.2,training,-6,LH,0,0,view,no,-10,NA,NA,NA,NA,NA,view,NA,NA
0,125906,1001,2022-07-19,0.613,6666,0,1,664.6,training,-6,LH,0,0,view,no,-10,NA,NA,NA,NA,NA,view,NA,NA
0,125912,1001,2022-07-19,0.782,6666,0,1,499.5,training,-6,LH,0,0,view,no,-9,NA,NA,NA,NA,NA,view,NA,NA
0,125918,1001,2022-07-19,0.755,6666,0,1,405.8,training,-6,LH,0,0,view,no,-11,NA,NA,NA,NA,NA,view,NA,NA
0,125925,1001,2022-07-19,0.64,6666,0,1,646.3,training,-6,LH,0,0,view,no,-11,NA,NA,NA,NA,NA,view,NA,NA
0,125944,1001,2022-07-19,0.4,1,0,1,30328.5,training,-6,LH,0,NA,view,yes,-9,NA,NA,NA,NA,NA,NA,1,-3
0,130015,1001,2022-07-19,0.4,1,0,1,2638.0,training,-6,LH,0,NA,view,yes,-3,NA,NA,NA,NA,NA,NA,1,-10
0,130018,1001,2022-07-19,0.4,1,0,1,2346.9,training,-6,LH,0,NA,view,yes,-3,NA,NA,NA,NA,NA,NA,1,-9
0,130021,1001,2022-07-19,0.4,0,0,1,1627.3999999999999,training,-6,LH,0,NA,view,yes,-1,NA,NA,NA,NA,NA,NA,1,-1
0,130023,1001,2022-07-19,0.4,1,0,1,19800.4,training,-6,LH,0,NA,view,yes,-10,NA,NA,NA,NA,NA,NA,1,-11
0,130043,1001,2022-07-19,0.4,0,0,1,2062.0,training,-6,LH,0,NA,view,yes,-2,NA,NA,NA,NA,NA,NA,1,-2
0,130046,1001,2022-07-19,0.4,0,0,1,1054.3,training,-6,LH,0,NA,view,yes,-3,NA,NA,NA,NA,NA,NA,1,-3
0,130047,1001,2022-07-19,0.4,1,0,1,670.4,training,-6,LH,0,NA,view,yes,-10,NA,NA,NA,NA,NA,NA,1,-9
0,130048,1001,2022-07-19,0.4,1,0,1,964.5,training,-6,LH,0,NA,view,yes,-1,NA,NA,NA,NA,NA,NA,1,-11
0,130050,1001,2022-07-19,0.4,0,0,1,878.4,training,-6,LH,0,NA,view,yes,-1,NA,NA,NA,NA,NA,NA,1,-1
0,130051,1001,2022-07-19,0.4,1,0,1,1434.9,training,-6,LH,0,NA,view,yes,-3,NA,NA,NA,NA,NA,NA,1,-10
0,130053,1001,2022-07-19,0.4,0,0,1,1230.0,training,-6,LH,0,NA,view,yes,-2,NA,NA,NA,NA,NA,NA,1,-2
0,130055,1001,2022-07-19,0.4,1,0,1,2956.5,training,-6,LH,0,NA,view,yes,-3,NA,NA,NA,NA,NA,NA,1,-11
0,130058,1001,2022-07-19,0.4,0,0,1,766.3,training,-6,LH,0,NA,view,yes,-2,NA,NA,NA,NA,NA,NA,1,-2
0,130059,1001,2022-07-19,0.4,0,0,1,724.1999999999999,training,-6,LH,0,NA,view,yes,-3,NA,NA,NA,NA,NA,NA,1,-3
0,130101,1001,2022-07-19,0.4,0,0,1,535.3,training,-6,LH,0,NA,view,yes,-1,NA,NA,NA,NA,NA,NA,1,-1
0,130102,1001,2022-07-19,0.4,1,0,1,685.0,training,-6,LH,0,NA,view,yes,-9,NA,NA,NA,NA,NA,NA,1,-9
0,130103,1001,2022-07-19,0.4,1,0,1,870.4,training,-6,LH,0,NA,view,yes,-11,NA,NA,NA,NA,NA,NA,1,-10
0,130104,1001,2022-07-19,0.4,0,0,1,1146.0,training,-6,LH,0,NA,view,yes,-3,NA,NA,NA,NA,NA,NA,1,-3
0,130106,1001,2022-07-19,0.4,1,0,1,628.8000000000001,training,-6,LH,0,NA,view,yes,-1,NA,NA,NA,NA,NA,NA,1,-10
0,130107,1001,2022-07-19,0.4,1,0,1,1214.0,training,-6,LH,0,NA,view,yes,-1,NA,NA,NA,NA,NA,NA,1,-11
0,130109,1001,2022-07-19,0.4,1,0,1,588.0,training,-6,LH,0,NA,view,yes,-9,NA,NA,NA,NA,NA,NA,1,-9
0,130110,1001,2022-07-19,0.4,0,0,1,836.7,training,-6,LH,0,NA,view,yes,-1,NA,NA,NA,NA,NA,NA,1,-1
0,130111,1001,2022-07-19,0.4,0,0,1,846.3000000000001,training,-6,LH,0,NA,view,yes,-2,NA,NA,NA,NA,NA,NA,1,-2
0,130112,1001,2022-07-19,0.4,0,0,1,586.2,training,-6,LH,0,NA,view,yes,-1,NA,NA,NA,NA,NA,NA,1,-1
0,130113,1001,2022-07-19,0.4,1,0,1,484.5,training,-6,LH,0,NA,view,yes,-2,NA,NA,NA,NA,NA,NA,1,-11
0,130114,1001,2022-07-19,0.4,1,0,1,660.5,training,-6,LH,0,NA,view,yes,-2,NA,NA,NA,NA,NA,NA,1,-2
0,130115,1001,2022-07-19,0.4,0,0,1,1101.8,training,-6,LH,0,NA,view,yes,-3,NA,NA,NA,NA,NA,NA,1,-3
0,130117,1001,2022-07-19,0.4,1,0,1,574.3000000000001,training,-6,LH,0,NA,view,yes,-9,NA,NA,NA,NA,NA,NA,1,-9
0,130118,1001,2022-07-19,0.4,1,0,1,862.1,training,-6,LH,0,NA,view,yes,-2,NA,NA,NA,NA,NA,NA,1,-10
0,130222,1001,2022-07-19,NA,NA,0,1,NA,training,-6,LH,0,0,view,no,NA,-7.0,-1.0,-12.0,13.8,18.1,NA,NA,NA
1,130239,1001,2022-07-19,0.972,6666,5,6,19659.8,training,-6,HL,0,0,img,no,-11,NA,NA,NA,NA,NA,img,NA,NA
1,130305,1001,2022-07-19,0.706,6666,5,6,43250.5,training,-6,HL,0,1,img,no,-2,NA,NA,NA,NA,NA,img,NA,NA
1,130353,1001,2022-07-19,0.95,6666,5,6,2107.2999999999997,training,-6,HL,0,0,img,no,-11,NA,NA,NA,NA,NA,img,NA,NA
1,130401,1001,2022-07-19,0.838,6666,5,6,1702.1,training,-6,HL,0,1,img,no,-3,NA,NA,NA,NA,NA,img,NA,NA
1,130408,1001,2022-07-19,0.976,6666,5,6,1245.6000000000001,training,-6,HL,0,0,img,no,-9,NA,NA,NA,NA,NA,img,NA,NA
1,130415,1001,2022-07-19,0.823,6666,5,6,1551.6000000000001,training,-6,HL,0,1,img,no,-1,NA,NA,NA,NA,NA,img,NA,NA
1,130423,1001,2022-07-19,0.607,6666,5,6,1248.8999999999999,training,-6,HL,0,0,img,no,-9,NA,NA,NA,NA,NA,img,NA,NA
1,130429,1001,2022-07-19,0.784,6666,5,6,833.7,training,-6,HL,0,0,img,no,-10,NA,NA,NA,NA,NA,img,NA,NA
1,130435,1001,2022-07-19,0.835,6666,5,6,1015.0999999999999,training,-6,HL,0,1,img,no,-3,NA,NA,NA,NA,NA,img,NA,NA
1,130442,1001,2022-07-19,0.571,6666,5,6,1149.8,training,-6,HL,0,1,img,no,-2,NA,NA,NA,NA,NA,img,NA,NA
1,130449,1001,2022-07-19,0.859,6666,5,6,1293.5,training,-6,HL,0,1,img,no,-1,NA,NA,NA,NA,NA,img,NA,NA
1,130455,1001,2022-07-19,0.675,6666,5,6,1187.7,training,-6,HL,0,0,img,no,-10,NA,NA,NA,NA,NA,img,NA,NA
1,130511,1001,2022-07-19,0.4,0,5,6,3245.2000000000003,training,-6,HL,0,NA,img,yes,-2,NA,NA,NA,NA,NA,NA,1,-2
1,130515,1001,2022-07-19,0.4,0,5,6,778.4,training,-6,HL,0,NA,img,yes,-3,NA,NA,NA,NA,NA,NA,1,-3
1,130516,1001,2022-07-19,0.4,1,5,6,680.8,training,-6,HL,0,NA,img,yes,-9,NA,NA,NA,NA,NA,NA,1,-10
1,130517,1001,2022-07-19,0.4,1,5,6,875.4,training,-6,HL,0,NA,img,yes,-10,NA,NA,NA,NA,NA,NA,1,-11
1,130519,1001,2022-07-19,0.4,1,5,6,887.3,training,-6,HL,0,NA,img,yes,-11,NA,NA,NA,NA,NA,NA,1,-9
1,130520,1001,2022-07-19,0.4,0,5,6,799.1,training,-6,HL,0,NA,img,yes,-1,NA,NA,NA,NA,NA,NA,1,-1
1,130521,1001,2022-07-19,0.4,0,5,6,718.7,training,-6,HL,0,NA,img,yes,-2,NA,NA,NA,NA,NA,NA,1,-2
1,130522,1001,2022-07-19,0.4,1,5,6,655.4,training,-6,HL,0,NA,img,yes,-3,NA,NA,NA,NA,NA,NA,1,-10
1,130523,1001,2022-07-19,0.4,0,5,6,830.4,training,-6,HL,0,NA,img,yes,-3,NA,NA,NA,NA,NA,NA,1,-3
1,130525,1001,2022-07-19,0.4,0,5,6,686.0,training,-6,HL,0,NA,img,yes,-1,NA,NA,NA,NA,NA,NA,1,-1
1,130526,1001,2022-07-19,0.4,1,5,6,2046.1000000000001,training,-6,HL,0,NA,img,yes,-9,NA,NA,NA,NA,NA,NA,1,-9
1,130528,1001,2022-07-19,0.4,1,5,6,1503.2,training,-6,HL,0,NA,img,yes,-11,NA,NA,NA,NA,NA,NA,1,-11
1,130530,1001,2022-07-19,0.4,1,5,6,1325.6,training,-6,HL,0,NA,img,yes,-1,NA,NA,NA,NA,NA,NA,1,-9
1,130532,1001,2022-07-19,0.4,0,5,6,1514.0,training,-6,HL,0,NA,img,yes,-2,NA,NA,NA,NA,NA,NA,1,-2
1,130534,1001,2022-07-19,0.4,1,5,6,907.6999999999999,training,-6,HL,0,NA,img,yes,-11,NA,NA,NA,NA,NA,NA,1,-10
1,130536,1001,2022-07-19,0.4,1,5,6,1165.8,training,-6,HL,0,NA,img,yes,-3,NA,NA,NA,NA,NA,NA,1,-11
1,130537,1001,2022-07-19,0.4,0,5,6,853.0,training,-6,HL,0,NA,img,yes,-1,NA,NA,NA,NA,NA,NA,1,-1
1,130539,1001,2022-07-19,0.4,0,5,6,1103.2,training,-6,HL,0,NA,img,yes,-3,NA,NA,NA,NA,NA,NA,1,-3
1,130540,1001,2022-07-19,0.4,0,5,6,525.9000000000001,training,-6,HL,0,NA,img,yes,-3,NA,NA,NA,NA,NA,NA,1,-3
1,130541,1001,2022-07-19,0.4,1,5,6,634.6,training,-6,HL,0,NA,img,yes,-2,NA,NA,NA,NA,NA,NA,1,-10
1,130542,1001,2022-07-19,0.4,0,5,6,1198.3999999999999,training,-6,HL,0,NA,img,yes,-2,NA,NA,NA,NA,NA,NA,1,-2
1,130544,1001,2022-07-19,0.4,0,5,6,717.6,training,-6,HL,0,NA,img,yes,-1,NA,NA,NA,NA,NA,NA,1,-1
1,130545,1001,2022-07-19,0.4,1,5,6,1524.8999999999999,training,-6,HL,0,NA,img,yes,-3,NA,NA,NA,NA,NA,NA,1,-11
1,130547,1001,2022-07-19,0.4,1,5,6,1124.8,training,-6,HL,0,NA,img,yes,-3,NA,NA,NA,NA,NA,NA,1,-9
1,130549,1001,2022-07-19,0.4,1,5,6,1174.7,training,-6,HL,0,NA,img,yes,-10,NA,NA,NA,NA,NA,NA,1,-10
1,130550,1001,2022-07-19,0.4,0,5,6,686.3000000000001,training,-6,HL,0,NA,img,yes,-2,NA,NA,NA,NA,NA,NA,1,-2
1,130551,1001,2022-07-19,0.4,1,5,6,756.9,training,-6,HL,0,NA,img,yes,-3,NA,NA,NA,NA,NA,NA,1,-11
1,130553,1001,2022-07-19,0.4,1,5,6,1197.8999999999999,training,-6,HL,0,NA,img,yes,-9,NA,NA,NA,NA,NA,NA,1,-9
1,130554,1001,2022-07-19,0.4,0,5,6,989.9,training,-6,HL,0,NA,img,yes,-1,NA,NA,NA,NA,NA,NA,1,-1
1,130556,1001,2022-07-19,0.4,0,5,6,1038.1,training,-6,HL,0,NA,img,yes,-3,NA,NA,NA,NA,NA,NA,1,-3
1,130624,1001,2022-07-19,NA,NA,5,6,NA,training,-6,HL,0,0,img,no,NA,-6.9,-1.0,-11.5,16.8,18.7,NA,NA,NA
2,130637,1001,2022-07-19,0.866,6666,0,4,8347.6,training,-10,LH,0,1,comb,no,-5,NA,NA,NA,NA,NA,view,NA,NA
2,130651,1001,2022-07-19,0.574,6666,0,4,1556.6,training,-10,LH,0,0,comb,no,-15,NA,NA,NA,NA,NA,view,NA,NA
2,130658,1001,2022-07-19,0.997,6666,0,4,867.3,training,-10,LH,0,1,comb,no,-6,NA,NA,NA,NA,NA,view,NA,NA
2,130705,1001,2022-07-19,0.641,6666,0,4,665.6999999999999,training,-10,LH,0,0,comb,no,-13,NA,NA,NA,NA,NA,view,NA,NA
2,130711,1001,2022-07-19,0.919,6666,0,4,922.5,training,-10,LH,0,1,comb,no,-7,NA,NA,NA,NA,NA,view,NA,NA
2,130718,1001,2022-07-19,0.99,6666,0,4,871.4,training,-10,LH,0,0,comb,no,-14,NA,NA,NA,NA,NA,view,NA,NA
2,130725,1001,2022-07-19,0.996,6666,0,4,1139.0,training,-10,LH,0,0,comb,no,-14,NA,NA,NA,NA,NA,view,NA,NA
2,130732,1001,2022-07-19,0.821,6666,0,4,478.7,training,-10,LH,0,1,comb,no,-5,NA,NA,NA,NA,NA,view,NA,NA
2,130738,1001,2022-07-19,0.879,6666,0,4,715.4000000000001,training,-10,LH,0,0,comb,no,-13,NA,NA,NA,NA,NA,view,NA,NA
2,130745,1001,2022-07-19,0.805,6666,0,4,915.9000000000001,training,-10,LH,0,0,comb,no,-7,NA,NA,NA,NA,NA,view,NA,NA
2,130751,1001,2022-07-19,0.612,6666,0,4,1213.0,training,-10,LH,0,1,comb,no,-15,NA,NA,NA,NA,NA,view,NA,NA
2,130758,1001,2022-07-19,0.784,6666,0,4,1605.3999999999999,training,-10,LH,0,1,comb,no,-6,NA,NA,NA,NA,NA,view,NA,NA
2,130805,1001,2022-07-19,0.503,6666,0,4,3231.9,training,-10,LH,0,0,comb,no,-12,NA,NA,NA,NA,NA,img,NA,NA
2,130814,1001,2022-07-19,0.795,6666,0,4,642.2,training,-10,LH,0,1,comb,no,-10,NA,NA,NA,NA,NA,img,NA,NA
2,130820,1001,2022-07-19,0.992,6666,0,4,2892.6,training,-10,LH,0,1,comb,no,-8,NA,NA,NA,NA,NA,img,NA,NA
2,130829,1001,2022-07-19,0.831,6666,0,4,783.6999999999999,training,-10,LH,0,0,comb,no,-11,NA,NA,NA,NA,NA,img,NA,NA
2,130836,1001,2022-07-19,0.84,6666,0,4,1187.8,training,-10,LH,0,0,comb,no,-12,NA,NA,NA,NA,NA,img,NA,NA
2,130843,1001,2022-07-19,0.725,6666,0,4,1250.1,training,-10,LH,0,1,comb,no,-9,NA,NA,NA,NA,NA,img,NA,NA
2,130850,1001,2022-07-19,0.964,6666,0,4,2228.4,training,-10,LH,0,1,comb,no,-12,NA,NA,NA,NA,NA,img,NA,NA
2,130858,1001,2022-07-19,0.649,6666,0,4,764.2,training,-10,LH,0,1,comb,no,-8,NA,NA,NA,NA,NA,img,NA,NA
2,130904,1001,2022-07-19,0.977,6666,0,4,853.5,training,-10,LH,0,0,comb,no,-12,NA,NA,NA,NA,NA,img,NA,NA
2,130911,1001,2022-07-19,0.975,6666,0,4,1195.6,training,-10,LH,0,0,comb,no,-11,NA,NA,NA,NA,NA,img,NA,NA
2,130918,1001,2022-07-19,0.765,6666,0,4,1138.3000000000002,training,-10,LH,0,0,comb,no,-9,NA,NA,NA,NA,NA,img,NA,NA
2,130925,1001,2022-07-19,0.547,6666,0,4,3264.0,training,-10,LH,0,1,comb,no,-10,NA,NA,NA,NA,NA,img,NA,NA
2,130950,1001,2022-07-19,0.4,0,0,4,3807.7999999999997,training,-10,LH,0,NA,comb,yes,-7,NA,NA,NA,NA,NA,NA,0,-7
2,130955,1001,2022-07-19,0.4,1,0,4,1887.1,training,-10,LH,0,NA,comb,yes,-6,NA,NA,NA,NA,NA,NA,0,-13
2,130957,1001,2022-07-19,0.4,1,0,4,2889.3,training,-10,LH,0,NA,comb,yes,-15,NA,NA,NA,NA,NA,NA,0,-15
2,131000,1001,2022-07-19,0.4,0,0,4,654.0,training,-10,LH,0,NA,comb,yes,-5,NA,NA,NA,NA,NA,NA,0,-5
2,131001,1001,2022-07-19,0.4,1,0,4,1640.0,training,-10,LH,0,NA,comb,yes,-6,NA,NA,NA,NA,NA,NA,0,-14
2,131004,1001,2022-07-19,0.4,0,0,4,750.3,training,-10,LH,0,NA,comb,yes,-6,NA,NA,NA,NA,NA,NA,0,-6
2,131005,1001,2022-07-19,0.4,1,0,4,1118.0,training,-10,LH,0,NA,comb,yes,-13,NA,NA,NA,NA,NA,NA,0,-13
2,131006,1001,2022-07-19,0.4,1,0,4,926.4,training,-10,LH,0,NA,comb,yes,-14,NA,NA,NA,NA,NA,NA,0,-15
2,131008,1001,2022-07-19,0.4,1,0,4,590.1999999999999,training,-10,LH,0,NA,comb,yes,-5,NA,NA,NA,NA,NA,NA,0,-14
2,131009,1001,2022-07-19,0.4,0,0,4,542.6,training,-10,LH,0,NA,comb,yes,-5,NA,NA,NA,NA,NA,NA,0,-5
2,131010,1001,2022-07-19,0.4,0,0,4,596.5,training,-10,LH,0,NA,comb,yes,-6,NA,NA,NA,NA,NA,NA,0,-6
2,131011,1001,2022-07-19,0.4,0,0,4,1710.3,training,-10,LH,0,NA,comb,yes,-7,NA,NA,NA,NA,NA,NA,0,-7
2,131013,1001,2022-07-19,0.4,0,0,4,652.5999999999999,training,-10,LH,0,NA,comb,yes,-7,NA,NA,NA,NA,NA,NA,0,-7
2,131014,1001,2022-07-19,0.4,1,0,4,526.3,training,-10,LH,0,NA,comb,yes,-14,NA,NA,NA,NA,NA,NA,0,-14
2,131015,1001,2022-07-19,0.4,1,0,4,1365.0,training,-10,LH,0,NA,comb,yes,-15,NA,NA,NA,NA,NA,NA,0,-13
2,131017,1001,2022-07-19,0.4,1,0,4,1757.9,training,-10,LH,0,NA,comb,yes,-7,NA,NA,NA,NA,NA,NA,0,-15
2,131019,1001,2022-07-19,0.4,0,0,4,695.8,training,-10,LH,0,NA,comb,yes,-5,NA,NA,NA,NA,NA,NA,0,-5
2,131020,1001,2022-07-19,0.4,0,0,4,601.7,training,-10,LH,0,NA,comb,yes,-6,NA,NA,NA,NA,NA,NA,0,-6
2,131022,1001,2022-07-19,0.4,1,0,4,606.0,training,-10,LH,0,NA,comb,yes,-6,NA,NA,NA,NA,NA,NA,0,-15
2,131023,1001,2022-07-19,0.4,0,0,4,1662.0,training,-10,LH,0,NA,comb,yes,-6,NA,NA,NA,NA,NA,NA,0,-6
2,131025,1001,2022-07-19,0.4,0,0,4,974.4000000000001,training,-10,LH,0,NA,comb,yes,-5,NA,NA,NA,NA,NA,NA,0,-5
2,131026,1001,2022-07-19,0.4,1,0,4,711.5,training,-10,LH,0,NA,comb,yes,-14,NA,NA,NA,NA,NA,NA,0,-14
2,131027,1001,2022-07-19,0.4,1,0,4,1720.6999999999998,training,-10,LH,0,NA,comb,yes,-7,NA,NA,NA,NA,NA,NA,0,-13
2,131030,1001,2022-07-19,0.4,0,0,4,1597.8000000000002,training,-10,LH,0,NA,comb,yes,-7,NA,NA,NA,NA,NA,NA,0,-7
2,131032,1001,2022-07-19,0.4,1,0,4,2061.9,training,-10,LH,0,NA,comb,yes,-7,NA,NA,NA,NA,NA,NA,0,-13
2,131034,1001,2022-07-19,0.4,1,0,4,2268.6000000000004,training,-10,LH,0,NA,comb,yes,-5,NA,NA,NA,NA,NA,NA,0,-14
2,131037,1001,2022-07-19,0.4,0,0,4,1550.3,training,-10,LH,0,NA,comb,yes,-6,NA,NA,NA,NA,NA,NA,0,-6
2,131039,1001,2022-07-19,0.4,0,0,4,573.3000000000001,training,-10,LH,0,NA,comb,yes,-5,NA,NA,NA,NA,NA,NA,0,-5
2,131040,1001,2022-07-19,0.4,0,0,4,1655.0,training,-10,LH,0,NA,comb,yes,-7,NA,NA,NA,NA,NA,NA,0,-7
2,131042,1001,2022-07-19,0.4,1,0,4,1038.1,training,-10,LH,0,NA,comb,yes,-14,NA,NA,NA,NA,NA,NA,0,-15
2,131121,1001,2022-07-19,NA,NA,0,4,NA,training,-10,LH,0,1,comb,no,NA,-10.0,-5.5,-14.6,15.0,18.4,NA,NA,NA
3,131121,1001,2022-07-19,0.999,6666,4,7,6348.8,training,-10,HL,0,1,comb,no,-9,NA,NA,NA,NA,NA,view,NA,NA
3,131134,1001,2022-07-19,0.599,6666,4,7,1113.6999999999998,training,-10,HL,0,1,comb,no,-8,NA,NA,NA,NA,NA,view,NA,NA
3,131140,1001,2022-07-19,0.877,6666,4,7,1303.6000000000001,training,-10,HL,0,0,comb,no,-10,NA,NA,NA,NA,NA,view,NA,NA
3,131148,1001,2022-07-19,0.807,6666,4,7,744.7,training,-10,HL,0,0,comb,no,-12,NA,NA,NA,NA,NA,view,NA,NA
3,131154,1001,2022-07-19,0.812,6666,4,7,884.4,training,-10,HL,0,1,comb,no,-10,NA,NA,NA,NA,NA,view,NA,NA
3,131201,1001,2022-07-19,0.566,6666,4,7,482.4,training,-10,HL,0,0,comb,no,-11,NA,NA,NA,NA,NA,view,NA,NA
3,131207,1001,2022-07-19,0.993,6666,4,7,744.1,training,-10,HL,0,1,comb,no,-10,NA,NA,NA,NA,NA,view,NA,NA
3,131213,1001,2022-07-19,0.989,6666,4,7,566.8,training,-10,HL,0,1,comb,no,-9,NA,NA,NA,NA,NA,view,NA,NA
3,131220,1001,2022-07-19,0.573,6666,4,7,530.0,training,-10,HL,0,0,comb,no,-12,NA,NA,NA,NA,NA,view,NA,NA
3,131226,1001,2022-07-19,0.5,6666,4,7,608.8,training,-10,HL,0,1,comb,no,-8,NA,NA,NA,NA,NA,view,NA,NA
3,131232,1001,2022-07-19,0.707,6666,4,7,800.0,training,-10,HL,0,0,comb,no,-11,NA,NA,NA,NA,NA,view,NA,NA
3,131238,1001,2022-07-19,0.814,6666,4,7,789.8,training,-10,HL,0,0,comb,no,-10,NA,NA,NA,NA,NA,view,NA,NA
3,131245,1001,2022-07-19,0.915,6666,4,7,1822.8,training,-10,HL,0,0,comb,no,-15,NA,NA,NA,NA,NA,img,NA,NA
3,131253,1001,2022-07-19,0.669,6666,4,7,945.6999999999999,training,-10,HL,0,0,comb,no,-14,NA,NA,NA,NA,NA,img,NA,NA
3,131259,1001,2022-07-19,0.745,6666,4,7,1344.4,training,-10,HL,0,0,comb,no,-15,NA,NA,NA,NA,NA,img,NA,NA
3,131306,1001,2022-07-19,0.992,6666,4,7,661.8000000000001,training,-10,HL,0,1,comb,no,-6,NA,NA,NA,NA,NA,img,NA,NA
3,131313,1001,2022-07-19,0.568,6666,4,7,630.9,training,-10,HL,0,1,comb,no,-5,NA,NA,NA,NA,NA,img,NA,NA
3,131319,1001,2022-07-19,0.623,6666,4,7,1054.5,training,-10,HL,0,1,comb,no,-7,NA,NA,NA,NA,NA,img,NA,NA
3,131326,1001,2022-07-19,0.515,6666,4,7,583.9,training,-10,HL,0,1,comb,no,-14,NA,NA,NA,NA,NA,img,NA,NA
3,131332,1001,2022-07-19,0.934,6666,4,7,960.0999999999999,training,-10,HL,0,0,comb,no,-5,NA,NA,NA,NA,NA,img,NA,NA
3,131338,1001,2022-07-19,0.947,6666,4,7,744.8000000000001,training,-10,HL,0,0,comb,no,-7,NA,NA,NA,NA,NA,img,NA,NA
3,131345,1001,2022-07-19,0.671,6666,4,7,2372.5,training,-10,HL,0,1,comb,no,-15,NA,NA,NA,NA,NA,img,NA,NA
3,131353,1001,2022-07-19,0.551,6666,4,7,668.9000000000001,training,-10,HL,0,0,comb,no,-6,NA,NA,NA,NA,NA,img,NA,NA
3,131359,1001,2022-07-19,0.659,6666,4,7,591.0,training,-10,HL,0,1,comb,no,-15,NA,NA,NA,NA,NA,img,NA,NA
3,131453,1001,2022-07-19,0.4,1,4,7,7918.599999999999,training,-10,HL,0,NA,comb,yes,-14,NA,NA,NA,NA,NA,NA,1,-10
3,131502,1001,2022-07-19,0.4,0,4,7,4238.400000000001,training,-10,HL,0,NA,comb,yes,-10,NA,NA,NA,NA,NA,NA,1,-10
3,131506,1001,2022-07-19,0.4,1,4,7,920.4,training,-10,HL,0,NA,comb,yes,-10,NA,NA,NA,NA,NA,NA,1,-12
3,131508,1001,2022-07-19,0.4,0,4,7,933.4,training,-10,HL,0,NA,comb,yes,-8,NA,NA,NA,NA,NA,NA,1,-8
3,131509,1001,2022-07-19,0.4,1,4,7,2153.5,training,-10,HL,0,NA,comb,yes,-8,NA,NA,NA,NA,NA,NA,1,-9
3,131512,1001,2022-07-19,0.4,1,4,7,1887.3999999999999,training,-10,HL,0,NA,comb,yes,-7,NA,NA,NA,NA,NA,NA,1,-11
3,131514,1001,2022-07-19,0.4,1,4,7,1039.3,training,-10,HL,0,NA,comb,yes,-11,NA,NA,NA,NA,NA,NA,1,-12
3,131516,1001,2022-07-19,0.4,1,4,7,841.1999999999999,training,-10,HL,0,NA,comb,yes,-8,NA,NA,NA,NA,NA,NA,1,-11
3,131517,1001,2022-07-19,0.4,0,4,7,644.5,training,-10,HL,0,NA,comb,yes,-8,NA,NA,NA,NA,NA,NA,1,-8
3,131518,1001,2022-07-19,0.4,1,4,7,1224.3,training,-10,HL,0,NA,comb,yes,-11,NA,NA,NA,NA,NA,NA,1,-10
3,131520,1001,2022-07-19,0.4,0,4,7,2941.0,training,-10,HL,0,NA,comb,yes,-9,NA,NA,NA,NA,NA,NA,1,-9
3,131523,1001,2022-07-19,0.4,1,4,7,958.2,training,-10,HL,0,NA,comb,yes,-12,NA,NA,NA,NA,NA,NA,1,-10
3,131525,1001,2022-07-19,0.4,1,4,7,1070.2,training,-10,HL,0,NA,comb,yes,-9,NA,NA,NA,NA,NA,NA,1,-11
3,131526,1001,2022-07-19,0.4,0,4,7,665.8,training,-10,HL,0,NA,comb,yes,-8,NA,NA,NA,NA,NA,NA,1,-8
3,131527,1001,2022-07-19,0.4,1,4,7,10829.1,training,-10,HL,0,NA,comb,yes,-10,NA,NA,NA,NA,NA,NA,1,-10
3,131539,1001,2022-07-19,0.4,1,4,7,1294.3,training,-10,HL,0,NA,comb,yes,-10,NA,NA,NA,NA,NA,NA,1,-12
3,131540,1001,2022-07-19,0.4,0,4,7,711.9,training,-10,HL,0,NA,comb,yes,-10,NA,NA,NA,NA,NA,NA,1,-10
3,131541,1001,2022-07-19,0.4,0,4,7,628.9,training,-10,HL,0,NA,comb,yes,-9,NA,NA,NA,NA,NA,NA,1,-9
3,131543,1001,2022-07-19,0.4,1,4,7,781.9000000000001,training,-10,HL,0,NA,comb,yes,-15,NA,NA,NA,NA,NA,NA,1,-11
3,131544,1001,2022-07-19,0.4,1,4,7,1500.5,training,-10,HL,0,NA,comb,yes,-14,NA,NA,NA,NA,NA,NA,1,-10
3,131546,1001,2022-07-19,0.4,0,4,7,4741.1,training,-10,HL,0,NA,comb,yes,-9,NA,NA,NA,NA,NA,NA,1,-9
3,131551,1001,2022-07-19,0.4,0,4,7,543.0,training,-10,HL,0,NA,comb,yes,-8,NA,NA,NA,NA,NA,NA,1,-8
3,131552,1001,2022-07-19,0.4,1,4,7,743.8000000000001,training,-10,HL,0,NA,comb,yes,-9,NA,NA,NA,NA,NA,NA,1,-10
3,131553,1001,2022-07-19,0.4,1,4,7,839.7,training,-10,HL,0,NA,comb,yes,-5,NA,NA,NA,NA,NA,NA,1,-12
3,131555,1001,2022-07-19,0.4,0,4,7,638.5,training,-10,HL,0,NA,comb,yes,-8,NA,NA,NA,NA,NA,NA,1,-8
3,131556,1001,2022-07-19,0.4,0,4,7,872.1999999999999,training,-10,HL,0,NA,comb,yes,-9,NA,NA,NA,NA,NA,NA,1,-9
3,131557,1001,2022-07-19,0.4,1,4,7,910.1,training,-10,HL,0,NA,comb,yes,-15,NA,NA,NA,NA,NA,NA,1,-11
3,131558,1001,2022-07-19,0.4,1,4,7,1772.8,training,-10,HL,0,NA,comb,yes,-14,NA,NA,NA,NA,NA,NA,1,-10
3,131601,1001,2022-07-19,0.4,1,4,7,893.8000000000001,training,-10,HL,0,NA,comb,yes,-10,NA,NA,NA,NA,NA,NA,1,-10
3,131602,1001,2022-07-19,0.4,1,4,7,622.4,training,-10,HL,0,NA,comb,yes,-6,NA,NA,NA,NA,NA,NA,1,-12
3,131711,1001,2022-07-19,NA,NA,4,7,NA,training,-10,HL,0,1,comb,no,NA,-10.6,-5.5,-14.5,12.1,18.8,NA,NA,NA
4,131711,1001,2022-07-19,0.572,6666,5,7,2772.0,test,-10,LH,0,0,comb_3,no,-14,NA,NA,NA,NA,NA,view,NA,NA
4,131719,1001,2022-07-19,0.665,6666,5,7,2301.0,test,-10,LH,0,0,comb_3,no,-15,NA,NA,NA,NA,NA,view,NA,NA
4,131727,1001,2022-07-19,0.969,6666,5,7,1077.5,test,-10,LH,0,1,comb_3,no,-5,NA,NA,NA,NA,NA,view,NA,NA
4,131734,1001,2022-07-19,0.541,6666,5,7,686.2,test,-10,LH,0,1,comb_3,no,-6,NA,NA,NA,NA,NA,view,NA,NA
4,131740,1001,2022-07-19,0.972,6666,5,7,650.5999999999999,test,-10,LH,0,0,comb_3,no,-13,NA,NA,NA,NA,NA,view,NA,NA
4,131747,1001,2022-07-19,0.599,6666,5,7,2363.7999999999997,test,-10,LH,0,1,comb_3,no,-7,NA,NA,NA,NA,NA,view,NA,NA
4,131754,1001,2022-07-19,0.909,6666,5,7,440.0,test,-10,LH,0,0,comb_3,no,-13,NA,NA,NA,NA,NA,view,NA,NA
4,131801,1001,2022-07-19,0.702,6666,5,7,1361.8,test,-10,LH,0,1,comb_3,no,-5,NA,NA,NA,NA,NA,view,NA,NA
4,131808,1001,2022-07-19,0.602,6666,5,7,1457.7,test,-10,LH,0,1,comb_3,no,-15,NA,NA,NA,NA,NA,view,NA,NA
4,131815,1001,2022-07-19,0.867,6666,5,7,707.8,test,-10,LH,0,0,comb_3,no,-7,NA,NA,NA,NA,NA,view,NA,NA
4,131821,1001,2022-07-19,0.805,6666,5,7,1007.4000000000001,test,-10,LH,0,1,comb_3,no,-14,NA,NA,NA,NA,NA,view,NA,NA
4,131828,1001,2022-07-19,0.784,6666,5,7,1079.9,test,-10,LH,0,0,comb_3,no,-6,NA,NA,NA,NA,NA,view,NA,NA
4,131835,1001,2022-07-19,0.762,6666,5,7,4196.6,test,-10,LH,0,0,comb_3,no,-12,NA,NA,NA,NA,NA,img,NA,NA
4,131845,1001,2022-07-19,0.956,6666,5,7,649.5999999999999,test,-10,LH,0,1,comb_3,no,-8,NA,NA,NA,NA,NA,img,NA,NA
4,131851,1001,2022-07-19,0.833,6666,5,7,912.1,test,-10,LH,0,1,comb_3,no,-9,NA,NA,NA,NA,NA,img,NA,NA
4,131858,1001,2022-07-19,0.763,6666,5,7,550.2,test,-10,LH,0,1,comb_3,no,-10,NA,NA,NA,NA,NA,img,NA,NA
4,131904,1001,2022-07-19,0.877,6666,5,7,613.8000000000001,test,-10,LH,0,0,comb_3,no,-12,NA,NA,NA,NA,NA,img,NA,NA
4,131911,1001,2022-07-19,0.921,6666,5,7,714.6,test,-10,LH,0,0,comb_3,no,-11,NA,NA,NA,NA,NA,img,NA,NA
4,131917,1001,2022-07-19,0.94,6666,5,7,1090.5,test,-10,LH,0,1,comb_3,no,-9,NA,NA,NA,NA,NA,img,NA,NA
4,131924,1001,2022-07-19,0.66,6666,5,7,580.0,test,-10,LH,0,0,comb_3,no,-12,NA,NA,NA,NA,NA,img,NA,NA
4,131930,1001,2022-07-19,0.558,6666,5,7,725.1999999999999,test,-10,LH,0,0,comb_3,no,-10,NA,NA,NA,NA,NA,img,NA,NA
4,131937,1001,2022-07-19,0.659,6666,5,7,234.8,test,-10,LH,0,0,comb_3,no,-11,NA,NA,NA,NA,NA,img,NA,NA
4,131942,1001,2022-07-19,0.73,6666,5,7,1454.3999999999999,test,-10,LH,0,1,comb_3,no,-8,NA,NA,NA,NA,NA,img,NA,NA
4,131950,1001,2022-07-19,0.724,6666,5,7,839.5,test,-10,LH,0,1,comb_3,no,-12,NA,NA,NA,NA,NA,img,NA,NA
4,132012,1001,2022-07-19,0.4,0,5,7,4877.6,test,-10,LH,0,NA,comb_3,yes,-7,NA,NA,NA,NA,NA,NA,0,-7
4,132017,1001,2022-07-19,0.4,1,5,7,2250.0,test,-10,LH,0,NA,comb_3,yes,-5,NA,NA,NA,NA,NA,NA,0,-13
4,132020,1001,2022-07-19,0.4,1,5,7,1246.8,test,-10,LH,0,NA,comb_3,yes,-13,NA,NA,NA,NA,NA,NA,0,-15
4,132022,1001,2022-07-19,0.4,1,5,7,1035.0,test,-10,LH,0,NA,comb_3,yes,-6,NA,NA,NA,NA,NA,NA,0,-14
4,132023,1001,2022-07-19,0.4,0,5,7,980.8,test,-10,LH,0,NA,comb_3,yes,-5,NA,NA,NA,NA,NA,NA,0,-5
4,132025,1001,2022-07-19,0.4,0,5,7,1359.6,test,-10,LH,0,NA,comb_3,yes,-6,NA,NA,NA,NA,NA,NA,0,-6
4,132026,1001,2022-07-19,0.4,1,5,7,941.5,test,-10,LH,0,NA,comb_3,yes,-6,NA,NA,NA,NA,NA,NA,0,-15
4,132028,1001,2022-07-19,0.4,1,5,7,1151.0,test,-10,LH,0,NA,comb_3,yes,-5,NA,NA,NA,NA,NA,NA,0,-13
4,132029,1001,2022-07-19,0.4,0,5,7,654.3,test,-10,LH,0,NA,comb_3,yes,-6,NA,NA,NA,NA,NA,NA,0,-6
4,132031,1001,2022-07-19,0.4,0,5,7,569.3000000000001,test,-10,LH,0,NA,comb_3,yes,-5,NA,NA,NA,NA,NA,NA,0,-5
4,132032,1001,2022-07-19,0.4,0,5,7,926.1,test,-10,LH,0,NA,comb_3,yes,-7,NA,NA,NA,NA,NA,NA,0,-7
4,132033,1001,2022-07-19,0.4,1,5,7,2089.1000000000004,test,-10,LH,0,NA,comb_3,yes,-6,NA,NA,NA,NA,NA,NA,0,-14
4,132036,1001,2022-07-19,0.4,1,5,7,910.3,test,-10,LH,0,NA,comb_3,yes,-5,NA,NA,NA,NA,NA,NA,0,-13
4,132037,1001,2022-07-19,0.4,1,5,7,1021.6,test,-10,LH,0,NA,comb_3,yes,-6,NA,NA,NA,NA,NA,NA,0,-15
4,132038,1001,2022-07-19,0.4,1,5,7,846.0,test,-10,LH,0,NA,comb_3,yes,-13,NA,NA,NA,NA,NA,NA,0,-14
4,132040,1001,2022-07-19,0.4,0,5,7,669.8,test,-10,LH,0,NA,comb_3,yes,-7,NA,NA,NA,NA,NA,NA,0,-7
4,132041,1001,2022-07-19,0.4,0,5,7,590.0,test,-10,LH,0,NA,comb_3,yes,-6,NA,NA,NA,NA,NA,NA,0,-6
4,132042,1001,2022-07-19,0.4,0,5,7,711.7,test,-10,LH,0,NA,comb_3,yes,-5,NA,NA,NA,NA,NA,NA,0,-5
4,132043,1001,2022-07-19,0.4,1,5,7,2456.9,test,-10,LH,0,NA,comb_3,yes,-15,NA,NA,NA,NA,NA,NA,0,-15
4,132046,1001,2022-07-19,0.4,1,5,7,2590.0,test,-10,LH,0,NA,comb_3,yes,-15,NA,NA,NA,NA,NA,NA,0,-13
4,132049,1001,2022-07-19,0.4,0,5,7,1772.3,test,-10,LH,0,NA,comb_3,yes,-5,NA,NA,NA,NA,NA,NA,0,-5
4,132051,1001,2022-07-19,0.4,0,5,7,2270.2,test,-10,LH,0,NA,comb_3,yes,-6,NA,NA,NA,NA,NA,NA,0,-6
4,132054,1001,2022-07-19,0.4,1,5,7,999.0,test,-10,LH,0,NA,comb_3,yes,-7,NA,NA,NA,NA,NA,NA,0,-14
4,132056,1001,2022-07-19,0.4,0,5,7,829.2,test,-10,LH,0,NA,comb_3,yes,-7,NA,NA,NA,NA,NA,NA,0,-7
4,132057,1001,2022-07-19,0.4,0,5,7,777.5999999999999,test,-10,LH,0,NA,comb_3,yes,-5,NA,NA,NA,NA,NA,NA,0,-5
4,132058,1001,2022-07-19,0.4,0,5,7,712.2,test,-10,LH,0,NA,comb_3,yes,-6,NA,NA,NA,NA,NA,NA,0,-6
4,132059,1001,2022-07-19,0.4,1,5,7,1001.3000000000001,test,-10,LH,0,NA,comb_3,yes,-15,NA,NA,NA,NA,NA,NA,0,-13
4,132101,1001,2022-07-19,0.4,1,5,7,2510.0,test,-10,LH,0,NA,comb_3,yes,-15,NA,NA,NA,NA,NA,NA,0,-14
4,132104,1001,2022-07-19,0.4,1,5,7,1369.5,test,-10,LH,0,NA,comb_3,yes,-15,NA,NA,NA,NA,NA,NA,0,-15
4,132106,1001,2022-07-19,0.4,0,5,7,1022.1,test,-10,LH,0,NA,comb_3,yes,-7,NA,NA,NA,NA,NA,NA,0,-7
4,132154,1001,2022-07-19,NA,NA,5,7,NA,test,-10,LH,0,1,comb_3,no,NA,-9.9,-5.5,-14.5,15.0,18.5,NA,NA,NA
5,132154,1001,2022-07-19,0.79,6666,3,7,8553.9,test,-8,LH,0,0,comb_3,no,-11,NA,NA,NA,NA,NA,view,NA,NA
5,132208,1001,2022-07-19,0.914,6666,3,7,1874.1000000000001,test,-8,LH,0,0,comb_3,no,-12,NA,NA,NA,NA,NA,view,NA,NA
5,132216,1001,2022-07-19,0.62,6666,3,7,5757.2,test,-8,LH,0,1,comb_3,no,-4,NA,NA,NA,NA,NA,view,NA,NA
5,132227,1001,2022-07-19,0.81,6666,3,7,1818.8999999999999,test,-8,LH,0,1,comb_3,no,-5,NA,NA,NA,NA,NA,view,NA,NA
5,132235,1001,2022-07-19,0.85,6666,3,7,7309.8,test,-8,LH,0,0,comb_3,no,-13,NA,NA,NA,NA,NA,view,NA,NA
5,132248,1001,2022-07-19,0.698,6666,3,7,2428.9,test,-8,LH,0,1,comb_3,no,-3,NA,NA,NA,NA,NA,view,NA,NA
5,132256,1001,2022-07-19,0.697,6666,3,7,1439.7,test,-8,LH,0,1,comb_3,no,-11,NA,NA,NA,NA,NA,view,NA,NA
5,132303,1001,2022-07-19,0.857,6666,3,7,789.8,test,-8,LH,0,0,comb_3,no,-5,NA,NA,NA,NA,NA,view,NA,NA
5,132310,1001,2022-07-19,0.754,6666,3,7,1335.9,test,-8,LH,0,0,comb_3,no,-3,NA,NA,NA,NA,NA,view,NA,NA
5,132317,1001,2022-07-19,0.929,6666,3,7,1200.3,test,-8,LH,0,1,comb_3,no,-4,NA,NA,NA,NA,NA,view,NA,NA
5,132324,1001,2022-07-19,0.851,6666,3,7,1163.8999999999999,test,-8,LH,0,1,comb_3,no,-12,NA,NA,NA,NA,NA,view,NA,NA
5,132331,1001,2022-07-19,0.95,6666,3,7,947.2,test,-8,LH,0,0,comb_3,no,-13,NA,NA,NA,NA,NA,view,NA,NA
5,132338,1001,2022-07-19,0.946,6666,3,7,11433.199999999999,test,-8,LH,0,1,comb_3,no,-7,NA,NA,NA,NA,NA,img,NA,NA
5,132355,1001,2022-07-19,0.946,6666,3,7,734.7,test,-8,LH,0,0,comb_3,no,-9,NA,NA,NA,NA,NA,img,NA,NA
5,132401,1001,2022-07-19,0.608,6666,3,7,1076.2,test,-8,LH,0,1,comb_3,no,-8,NA,NA,NA,NA,NA,img,NA,NA
5,132408,1001,2022-07-19,0.56,6666,3,7,579.2,test,-8,LH,0,0,comb_3,no,-10,NA,NA,NA,NA,NA,img,NA,NA
5,132414,1001,2022-07-19,0.986,6666,3,7,912.5,test,-8,LH,0,1,comb_3,no,-6,NA,NA,NA,NA,NA,img,NA,NA
5,132421,1001,2022-07-19,0.51,6666,3,7,1058.2,test,-8,LH,0,0,comb_3,no,-10,NA,NA,NA,NA,NA,img,NA,NA
5,132428,1001,2022-07-19,0.519,6666,3,7,933.5,test,-8,LH,0,0,comb_3,no,-10,NA,NA,NA,NA,NA,img,NA,NA
5,132434,1001,2022-07-19,0.957,6666,3,7,1427.0,test,-8,LH,0,1,comb_3,no,-7,NA,NA,NA,NA,NA,img,NA,NA
5,132441,1001,2022-07-19,0.82,6666,3,7,900.9000000000001,test,-8,LH,0,1,comb_3,no,-8,NA,NA,NA,NA,NA,img,NA,NA
5,132448,1001,2022-07-19,0.874,6666,3,7,908.6999999999999,test,-8,LH,0,0,comb_3,no,-10,NA,NA,NA,NA,NA,img,NA,NA
5,132455,1001,2022-07-19,0.676,6666,3,7,968.3000000000001,test,-8,LH,0,0,comb_3,no,-6,NA,NA,NA,NA,NA,img,NA,NA
5,132501,1001,2022-07-19,0.79,6666,3,7,605.1999999999999,test,-8,LH,0,1,comb_3,no,-9,NA,NA,NA,NA,NA,img,NA,NA
5,132530,1001,2022-07-19,0.4,1,3,7,6050.5,test,-8,LH,0,NA,comb_3,yes,-3,NA,NA,NA,NA,NA,NA,0,-11
5,132536,1001,2022-07-19,0.4,1,3,7,926.6,test,-8,LH,0,NA,comb_3,yes,-11,NA,NA,NA,NA,NA,NA,0,-12
5,132538,1001,2022-07-19,0.4,0,3,7,649.5999999999999,test,-8,LH,0,NA,comb_3,yes,-4,NA,NA,NA,NA,NA,NA,0,-4
5,132539,1001,2022-07-19,0.4,1,3,7,573.4,test,-8,LH,0,NA,comb_3,yes,-5,NA,NA,NA,NA,NA,NA,0,-13
5,132540,1001,2022-07-19,0.4,0,3,7,655.2,test,-8,LH,0,NA,comb_3,yes,-3,NA,NA,NA,NA,NA,NA,0,-3
5,132541,1001,2022-07-19,0.4,0,3,7,1415.8,test,-8,LH,0,NA,comb_3,yes,-5,NA,NA,NA,NA,NA,NA,0,-5
5,132543,1001,2022-07-19,0.4,1,3,7,1197.2,test,-8,LH,0,NA,comb_3,yes,-11,NA,NA,NA,NA,NA,NA,0,-11
5,132545,1001,2022-07-19,0.4,0,3,7,731.1999999999999,test,-8,LH,0,NA,comb_3,yes,-4,NA,NA,NA,NA,NA,NA,0,-4
5,132546,1001,2022-07-19,0.4,1,3,7,1051.7,test,-8,LH,0,NA,comb_3,yes,-13,NA,NA,NA,NA,NA,NA,0,-12
5,132547,1001,2022-07-19,0.4,1,3,7,926.5,test,-8,LH,0,NA,comb_3,yes,-4,NA,NA,NA,NA,NA,NA,0,-13
5,132549,1001,2022-07-19,0.4,0,3,7,568.2,test,-8,LH,0,NA,comb_3,yes,-3,NA,NA,NA,NA,NA,NA,0,-3
5,132550,1001,2022-07-19,0.4,0,3,7,2286.6,test,-8,LH,0,NA,comb_3,yes,-5,NA,NA,NA,NA,NA,NA,0,-5
5,132553,1001,2022-07-19,0.4,1,3,7,622.4,test,-8,LH,0,NA,comb_3,yes,-12,NA,NA,NA,NA,NA,NA,0,-12
5,132554,1001,2022-07-19,0.4,1,3,7,1911.0,test,-8,LH,0,NA,comb_3,yes,-11,NA,NA,NA,NA,NA,NA,0,-11
5,132556,1001,2022-07-19,0.4,0,3,7,600.8,test,-8,LH,0,NA,comb_3,yes,-4,NA,NA,NA,NA,NA,NA,0,-4
5,132557,1001,2022-07-19,0.4,1,3,7,805.0,test,-8,LH,0,NA,comb_3,yes,-4,NA,NA,NA,NA,NA,NA,0,-13
5,132558,1001,2022-07-19,0.4,0,3,7,516.3,test,-8,LH,0,NA,comb_3,yes,-5,NA,NA,NA,NA,NA,NA,0,-5
5,132559,1001,2022-07-19,0.4,0,3,7,510.29999999999995,test,-8,LH,0,NA,comb_3,yes,-3,NA,NA,NA,NA,NA,NA,0,-3
5,132600,1001,2022-07-19,0.4,0,3,7,478.2,test,-8,LH,0,NA,comb_3,yes,-3,NA,NA,NA,NA,NA,NA,0,-3
5,132601,1001,2022-07-19,0.4,1,3,7,632.6,test,-8,LH,0,NA,comb_3,yes,-11,NA,NA,NA,NA,NA,NA,0,-12
5,132602,1001,2022-07-19,0.4,0,3,7,925.2,test,-8,LH,0,NA,comb_3,yes,-4,NA,NA,NA,NA,NA,NA,0,-4
5,132604,1001,2022-07-19,0.4,0,3,7,1373.8999999999999,test,-8,LH,0,NA,comb_3,yes,-5,NA,NA,NA,NA,NA,NA,0,-5
5,132606,1001,2022-07-19,0.4,1,3,7,1165.2,test,-8,LH,0,NA,comb_3,yes,-4,NA,NA,NA,NA,NA,NA,0,-13
5,132607,1001,2022-07-19,0.4,1,3,7,1028.7,test,-8,LH,0,NA,comb_3,yes,-12,NA,NA,NA,NA,NA,NA,0,-11
5,132609,1001,2022-07-19,0.4,0,3,7,557.9,test,-8,LH,0,NA,comb_3,yes,-5,NA,NA,NA,NA,NA,NA,0,-5
5,132610,1001,2022-07-19,0.4,1,3,7,904.2,test,-8,LH,0,NA,comb_3,yes,-5,NA,NA,NA,NA,NA,NA,0,-11
5,132611,1001,2022-07-19,0.4,0,3,7,590.1999999999999,test,-8,LH,0,NA,comb_3,yes,-4,NA,NA,NA,NA,NA,NA,0,-4
5,132612,1001,2022-07-19,0.4,1,3,7,1031.9,test,-8,LH,0,NA,comb_3,yes,-11,NA,NA,NA,NA,NA,NA,0,-13
5,132614,1001,2022-07-19,0.4,0,3,7,428.8,test,-8,LH,0,NA,comb_3,yes,-3,NA,NA,NA,NA,NA,NA,0,-3
5,132615,1001,2022-07-19,0.4,1,3,7,745.0,test,-8,LH,0,NA,comb_3,yes,-12,NA,NA,NA,NA,NA,NA,0,-12
5,132705,1001,2022-07-19,NA,NA,3,7,NA,test,-8,LH,0,1,comb_3,no,NA,-6.5,-3.0,-14.0,11.0,16.9,NA,NA,NA
6,132705,1001,2022-07-19,0.534,6666,2,4,4603.7,test,-8,LH,0,0,comb_3,no,-11,NA,NA,NA,NA,NA,view,NA,NA
6,132715,1001,2022-07-19,0.931,6666,2,4,783.8000000000001,test,-8,LH,0,0,comb_3,no,-12,NA,NA,NA,NA,NA,view,NA,NA
6,132722,1001,2022-07-19,0.914,6666,2,4,572.5,test,-8,LH,0,1,comb_3,no,-4,NA,NA,NA,NA,NA,view,NA,NA
6,132728,1001,2022-07-19,0.885,6666,2,4,837.0,test,-8,LH,0,0,comb_3,no,-13,NA,NA,NA,NA,NA,view,NA,NA
6,132735,1001,2022-07-19,0.806,6666,2,4,1696.7,test,-8,LH,0,1,comb_3,no,-5,NA,NA,NA,NA,NA,view,NA,NA
6,132742,1001,2022-07-19,0.742,6666,2,4,666.6,test,-8,LH,0,1,comb_3,no,-3,NA,NA,NA,NA,NA,view,NA,NA
6,132748,1001,2022-07-19,0.707,6666,2,4,947.3000000000001,test,-8,LH,0,1,comb_3,no,-11,NA,NA,NA,NA,NA,view,NA,NA
6,132755,1001,2022-07-19,0.844,6666,2,4,4273.7,test,-8,LH,0,1,comb_3,no,-4,NA,NA,NA,NA,NA,view,NA,NA
6,132805,1001,2022-07-19,0.772,6666,2,4,1196.5,test,-8,LH,0,1,comb_3,no,-12,NA,NA,NA,NA,NA,view,NA,NA
6,132812,1001,2022-07-19,0.753,6666,2,4,1359.6,test,-8,LH,0,0,comb_3,no,-13,NA,NA,NA,NA,NA,view,NA,NA
6,132819,1001,2022-07-19,0.533,6666,2,4,5573.2,test,-8,LH,0,0,comb_3,no,-3,NA,NA,NA,NA,NA,view,NA,NA
6,132830,1001,2022-07-19,0.945,6666,2,4,819.1,test,-8,LH,0,0,comb_3,no,-5,NA,NA,NA,NA,NA,view,NA,NA
6,132837,1001,2022-07-19,0.661,6666,2,4,4138.099999999999,test,-8,LH,0,0,comb_3,no,-9,NA,NA,NA,NA,NA,img,NA,NA
6,132847,1001,2022-07-19,0.973,6666,2,4,879.3,test,-8,LH,0,1,comb_3,no,-7,NA,NA,NA,NA,NA,img,NA,NA
6,132853,1001,2022-07-19,0.969,6666,2,4,679.0,test,-8,LH,0,0,comb_3,no,-10,NA,NA,NA,NA,NA,img,NA,NA
6,132900,1001,2022-07-19,0.879,6666,2,4,1061.9,test,-8,LH,0,1,comb_3,no,-8,NA,NA,NA,NA,NA,img,NA,NA
6,132907,1001,2022-07-19,0.802,6666,2,4,839.6,test,-8,LH,0,0,comb_3,no,-10,NA,NA,NA,NA,NA,img,NA,NA
6,132913,1001,2022-07-19,0.601,6666,2,4,877.1,test,-8,LH,0,1,comb_3,no,-6,NA,NA,NA,NA,NA,img,NA,NA
6,132920,1001,2022-07-19,0.755,6666,2,4,836.4,test,-8,LH,0,1,comb_3,no,-10,NA,NA,NA,NA,NA,img,NA,NA
6,132926,1001,2022-07-19,0.535,6666,2,4,986.9,test,-8,LH,0,1,comb_3,no,-7,NA,NA,NA,NA,NA,img,NA,NA
6,132933,1001,2022-07-19,0.556,6666,2,4,838.0999999999999,test,-8,LH,0,0,comb_3,no,-6,NA,NA,NA,NA,NA,img,NA,NA
6,132939,1001,2022-07-19,0.721,6666,2,4,692.1,test,-8,LH,0,1,comb_3,no,-9,NA,NA,NA,NA,NA,img,NA,NA
6,132946,1001,2022-07-19,0.661,6666,2,4,1065.1,test,-8,LH,0,0,comb_3,no,-10,NA,NA,NA,NA,NA,img,NA,NA
6,132952,1001,2022-07-19,0.934,6666,2,4,729.1999999999999,test,-8,LH,0,0,comb_3,no,-8,NA,NA,NA,NA,NA,img,NA,NA
6,133008,1001,2022-07-19,0.4,1,2,4,3559.2999999999997,test,-8,LH,0,NA,comb_3,yes,-4,NA,NA,NA,NA,NA,NA,0,-11
6,133012,1001,2022-07-19,0.4,1,2,4,2247.6,test,-8,LH,0,NA,comb_3,yes,-12,NA,NA,NA,NA,NA,NA,0,-13
6,133015,1001,2022-07-19,0.4,0,2,4,652.2,test,-8,LH,0,NA,comb_3,yes,-3,NA,NA,NA,NA,NA,NA,0,-3
6,133016,1001,2022-07-19,0.4,0,2,4,1999.2,test,-8,LH,0,NA,comb_3,yes,-5,NA,NA,NA,NA,NA,NA,0,-5
6,133019,1001,2022-07-19,0.4,0,2,4,526.5999999999999,test,-8,LH,0,NA,comb_3,yes,-4,NA,NA,NA,NA,NA,NA,0,-4
6,133020,1001,2022-07-19,0.4,1,2,4,895.5,test,-8,LH,0,NA,comb_3,yes,-5,NA,NA,NA,NA,NA,NA,0,-12
6,133021,1001,2022-07-19,0.4,1,2,4,4799.299999999999,test,-8,LH,0,NA,comb_3,yes,-4,NA,NA,NA,NA,NA,NA,0,-11
6,133026,1001,2022-07-19,0.4,0,2,4,2751.0,test,-8,LH,0,NA,comb_3,yes,-5,NA,NA,NA,NA,NA,NA,0,-5
6,133030,1001,2022-07-19,0.4,0,2,4,654.1,test,-8,LH,0,NA,comb_3,yes,-4,NA,NA,NA,NA,NA,NA,0,-4
6,133031,1001,2022-07-19,0.4,1,2,4,3901.5,test,-8,LH,0,NA,comb_3,yes,-11,NA,NA,NA,NA,NA,NA,0,-12
6,133035,1001,2022-07-19,0.4,0,2,4,1816.3,test,-8,LH,0,NA,comb_3,yes,-3,NA,NA,NA,NA,NA,NA,0,-3
6,133037,1001,2022-07-19,0.4,1,2,4,1460.7,test,-8,LH,0,NA,comb_3,yes,-5,NA,NA,NA,NA,NA,NA,0,-13
6,133039,1001,2022-07-19,0.4,1,2,4,574.1,test,-8,LH,0,NA,comb_3,yes,-4,NA,NA,NA,NA,NA,NA,0,-13
6,133040,1001,2022-07-19,0.4,0,2,4,696.0,test,-8,LH,0,NA,comb_3,yes,-5,NA,NA,NA,NA,NA,NA,0,-5
6,133041,1001,2022-07-19,0.4,1,2,4,4298.0,test,-8,LH,0,NA,comb_3,yes,-4,NA,NA,NA,NA,NA,NA,0,-11
6,133046,1001,2022-07-19,0.4,0,2,4,957.6,test,-8,LH,0,NA,comb_3,yes,-4,NA,NA,NA,NA,NA,NA,0,-4
6,133048,1001,2022-07-19,0.4,1,2,4,3389.8,test,-8,LH,0,NA,comb_3,yes,-3,NA,NA,NA,NA,NA,NA,0,-12
6,133051,1001,2022-07-19,0.4,0,2,4,700.5,test,-8,LH,0,NA,comb_3,yes,-3,NA,NA,NA,NA,NA,NA,0,-3
6,133053,1001,2022-07-19,0.4,1,2,4,772.5999999999999,test,-8,LH,0,NA,comb_3,yes,-5,NA,NA,NA,NA,NA,NA,0,-11
6,133054,1001,2022-07-19,0.4,0,2,4,956.8,test,-8,LH,0,NA,comb_3,yes,-3,NA,NA,NA,NA,NA,NA,0,-3
6,133055,1001,2022-07-19,0.4,1,2,4,1902.1,test,-8,LH,0,NA,comb_3,yes,-3,NA,NA,NA,NA,NA,NA,0,-13
6,133058,1001,2022-07-19,0.4,0,2,4,1077.0,test,-8,LH,0,NA,comb_3,yes,-4,NA,NA,NA,NA,NA,NA,0,-4
6,133059,1001,2022-07-19,0.4,1,2,4,937.1,test,-8,LH,0,NA,comb_3,yes,-5,NA,NA,NA,NA,NA,NA,0,-12
6,133101,1001,2022-07-19,0.4,0,2,4,2260.7,test,-8,LH,0,NA,comb_3,yes,-5,NA,NA,NA,NA,NA,NA,0,-5
6,133103,1001,2022-07-19,0.4,1,2,4,941.4,test,-8,LH,0,NA,comb_3,yes,-4,NA,NA,NA,NA,NA,NA,0,-13
6,133105,1001,2022-07-19,0.4,1,2,4,1085.9,test,-8,LH,0,NA,comb_3,yes,-12,NA,NA,NA,NA,NA,NA,0,-12
6,133106,1001,2022-07-19,0.4,0,2,4,590.0999999999999,test,-8,LH,0,NA,comb_3,yes,-3,NA,NA,NA,NA,NA,NA,0,-3
6,133107,1001,2022-07-19,0.4,0,2,4,2526.1,test,-8,LH,0,NA,comb_3,yes,-5,NA,NA,NA,NA,NA,NA,0,-5
6,133110,1001,2022-07-19,0.4,1,2,4,3470.0,test,-8,LH,0,NA,comb_3,yes,-4,NA,NA,NA,NA,NA,NA,0,-11
6,133114,1001,2022-07-19,0.4,0,2,4,671.1,test,-8,LH,0,NA,comb_3,yes,-4,NA,NA,NA,NA,NA,NA,0,-4
6,133158,1001,2022-07-19,NA,NA,2,4,NA,test,-8,LH,0,0,comb_3,no,NA,-8.7,-2.5,-13.5,11.8,17.1,NA,NA,NA
7,133158,1001,2022-07-19,0.917,6666,0,7,3482.1,test,-10,LH,0,0,comb_3,no,-14,NA,NA,NA,NA,NA,view,NA,NA
7,133208,1001,2022-07-19,0.809,6666,0,7,900.4,test,-10,LH,0,1,comb_3,no,-7,NA,NA,NA,NA,NA,view,NA,NA
7,133214,1001,2022-07-19,0.914,6666,0,7,978.0,test,-10,LH,0,0,comb_3,no,-13,NA,NA,NA,NA,NA,view,NA,NA
7,133221,1001,2022-07-19,0.816,6666,0,7,518.1,test,-10,LH,0,0,comb_3,no,-15,NA,NA,NA,NA,NA,view,NA,NA
7,133227,1001,2022-07-19,0.575,6666,0,7,1075.5,test,-10,LH,0,1,comb_3,no,-6,NA,NA,NA,NA,NA,view,NA,NA
7,133234,1001,2022-07-19,0.536,6666,0,7,259.0,test,-10,LH,0,1,comb_3,no,-5,NA,NA,NA,NA,NA,view,NA,NA
7,133240,1001,2022-07-19,0.802,6666,0,7,938.1,test,-10,LH,0,1,comb_3,no,-7,NA,NA,NA,NA,NA,view,NA,NA
7,133246,1001,2022-07-19,0.577,6666,0,7,3745.1,test,-10,LH,0,1,comb_3,no,-13,NA,NA,NA,NA,NA,view,NA,NA
7,133256,1001,2022-07-19,0.915,6666,0,7,495.5,test,-10,LH,0,0,comb_3,no,-6,NA,NA,NA,NA,NA,view,NA,NA
7,133302,1001,2022-07-19,0.755,6666,0,7,3653.7999999999997,test,-10,LH,0,0,comb_3,no,-5,NA,NA,NA,NA,NA,view,NA,NA
7,133311,1001,2022-07-19,0.801,6666,0,7,2096.2000000000003,test,-10,LH,0,1,comb_3,no,-14,NA,NA,NA,NA,NA,view,NA,NA
7,133319,1001,2022-07-19,0.536,6666,0,7,886.3,test,-10,LH,0,0,comb_3,no,-15,NA,NA,NA,NA,NA,view,NA,NA
7,133326,1001,2022-07-19,0.843,6666,0,7,20588.3,test,-10,LH,0,1,comb_3,no,-8,NA,NA,NA,NA,NA,img,NA,NA
7,133352,1001,2022-07-19,0.554,6666,0,7,693.4,test,-10,LH,0,0,comb_3,no,-11,NA,NA,NA,NA,NA,img,NA,NA
7,133358,1001,2022-07-19,0.932,6666,0,7,534.6999999999999,test,-10,LH,0,1,comb_3,no,-10,NA,NA,NA,NA,NA,img,NA,NA
7,133405,1001,2022-07-19,0.765,6666,0,7,512.9,test,-10,LH,0,0,comb_3,no,-12,NA,NA,NA,NA,NA,img,NA,NA
7,133411,1001,2022-07-19,0.984,6666,0,7,697.6,test,-10,LH,0,1,comb_3,no,-9,NA,NA,NA,NA,NA,img,NA,NA
7,133417,1001,2022-07-19,0.905,6666,0,7,613.5,test,-10,LH,0,0,comb_3,no,-12,NA,NA,NA,NA,NA,img,NA,NA
7,133424,1001,2022-07-19,0.591,6666,0,7,510.49999999999994,test,-10,LH,0,0,comb_3,no,-12,NA,NA,NA,NA,NA,img,NA,NA
7,133430,1001,2022-07-19,0.956,6666,0,7,422.0,test,-10,LH,0,1,comb_3,no,-11,NA,NA,NA,NA,NA,img,NA,NA
7,133436,1001,2022-07-19,0.874,6666,0,7,425.70000000000005,test,-10,LH,0,1,comb_3,no,-10,NA,NA,NA,NA,NA,img,NA,NA
7,133443,1001,2022-07-19,0.968,6666,0,7,472.1,test,-10,LH,0,0,comb_3,no,-12,NA,NA,NA,NA,NA,img,NA,NA
7,133449,1001,2022-07-19,0.729,6666,0,7,536.4,test,-10,LH,0,0,comb_3,no,-9,NA,NA,NA,NA,NA,img,NA,NA
7,133455,1001,2022-07-19,0.874,6666,0,7,516.5999999999999,test,-10,LH,0,1,comb_3,no,-8,NA,NA,NA,NA,NA,img,NA,NA
7,133511,1001,2022-07-19,0.4,1,0,7,2301.8,test,-10,LH,0,NA,comb_3,yes,-15,NA,NA,NA,NA,NA,NA,0,-14
7,133513,1001,2022-07-19,0.4,0,0,7,6030.1,test,-10,LH,0,NA,comb_3,yes,-6,NA,NA,NA,NA,NA,NA,0,-6
7,133520,1001,2022-07-19,0.4,0,0,7,1221.5,test,-10,LH,0,NA,comb_3,yes,-7,NA,NA,NA,NA,NA,NA,0,-7
7,133522,1001,2022-07-19,0.4,1,0,7,924.1,test,-10,LH,0,NA,comb_3,yes,-6,NA,NA,NA,NA,NA,NA,0,-15
7,133523,1001,2022-07-19,0.4,1,0,7,8462.8,test,-10,LH,0,NA,comb_3,yes,-6,NA,NA,NA,NA,NA,NA,0,-13
7,133532,1001,2022-07-19,0.4,0,0,7,574.3000000000001,test,-10,LH,0,NA,comb_3,yes,-5,NA,NA,NA,NA,NA,NA,0,-5
7,133533,1001,2022-07-19,0.4,0,0,7,2746.5,test,-10,LH,0,NA,comb_3,yes,-7,NA,NA,NA,NA,NA,NA,0,-7
7,133536,1001,2022-07-19,0.4,0,0,7,923.1,test,-10,LH,0,NA,comb_3,yes,-5,NA,NA,NA,NA,NA,NA,0,-5
7,133538,1001,2022-07-19,0.4,1,0,7,2494.3,test,-10,LH,0,NA,comb_3,yes,-14,NA,NA,NA,NA,NA,NA,0,-14
7,133540,1001,2022-07-19,0.4,1,0,7,830.3000000000001,test,-10,LH,0,NA,comb_3,yes,-13,NA,NA,NA,NA,NA,NA,0,-13
7,133542,1001,2022-07-19,0.4,0,0,7,2587.7,test,-10,LH,0,NA,comb_3,yes,-6,NA,NA,NA,NA,NA,NA,0,-6
7,133545,1001,2022-07-19,0.4,1,0,7,510.49999999999994,test,-10,LH,0,NA,comb_3,yes,-7,NA,NA,NA,NA,NA,NA,0,-15
7,133546,1001,2022-07-19,0.4,1,0,7,588.3000000000001,test,-10,LH,0,NA,comb_3,yes,-15,NA,NA,NA,NA,NA,NA,0,-13
7,133547,1001,2022-07-19,0.4,1,0,7,702.3000000000001,test,-10,LH,0,NA,comb_3,yes,-6,NA,NA,NA,NA,NA,NA,0,-15
7,133548,1001,2022-07-19,0.4,1,0,7,878.8000000000001,test,-10,LH,0,NA,comb_3,yes,-6,NA,NA,NA,NA,NA,NA,0,-14
7,133549,1001,2022-07-19,0.4,0,0,7,783.2,test,-10,LH,0,NA,comb_3,yes,-6,NA,NA,NA,NA,NA,NA,0,-6
7,133551,1001,2022-07-19,0.4,0,0,7,685.8,test,-10,LH,0,NA,comb_3,yes,-5,NA,NA,NA,NA,NA,NA,0,-5
7,133552,1001,2022-07-19,0.4,0,0,7,1109.2,test,-10,LH,0,NA,comb_3,yes,-7,NA,NA,NA,NA,NA,NA,0,-7
7,133553,1001,2022-07-19,0.4,0,0,7,574.9,test,-10,LH,0,NA,comb_3,yes,-5,NA,NA,NA,NA,NA,NA,0,-5
7,133554,1001,2022-07-19,0.4,0,0,7,583.8,test,-10,LH,0,NA,comb_3,yes,-6,NA,NA,NA,NA,NA,NA,0,-6
7,133555,1001,2022-07-19,0.4,1,0,7,1364.8,test,-10,LH,0,NA,comb_3,yes,-7,NA,NA,NA,NA,NA,NA,0,-13
7,133557,1001,2022-07-19,0.4,0,0,7,1125.3,test,-10,LH,0,NA,comb_3,yes,-7,NA,NA,NA,NA,NA,NA,0,-7
7,133559,1001,2022-07-19,0.4,1,0,7,612.6,test,-10,LH,0,NA,comb_3,yes,-7,NA,NA,NA,NA,NA,NA,0,-14
7,133600,1001,2022-07-19,0.4,1,0,7,987.0,test,-10,LH,0,NA,comb_3,yes,-15,NA,NA,NA,NA,NA,NA,0,-15
7,133601,1001,2022-07-19,0.4,1,0,7,542.2,test,-10,LH,0,NA,comb_3,yes,-14,NA,NA,NA,NA,NA,NA,0,-5
7,133602,1001,2022-07-19,0.4,0,0,7,1849.5,test,-10,LH,0,NA,comb_3,yes,-7,NA,NA,NA,NA,NA,NA,0,-7
7,133605,1001,2022-07-19,0.4,1,0,7,878.1999999999999,test,-10,LH,0,NA,comb_3,yes,-15,NA,NA,NA,NA,NA,NA,0,-15
7,133606,1001,2022-07-19,0.4,1,0,7,504.4,test,-10,LH,0,NA,comb_3,yes,-14,NA,NA,NA,NA,NA,NA,0,-14
7,133607,1001,2022-07-19,0.4,0,0,7,1613.8999999999999,test,-10,LH,0,NA,comb_3,yes,-6,NA,NA,NA,NA,NA,NA,0,-6
7,133609,1001,2022-07-19,0.4,1,0,7,718.3000000000001,test,-10,LH,0,NA,comb_3,yes,-5,NA,NA,NA,NA,NA,NA,0,-13
7,133704,1001,2022-07-19,NA,NA,0,7,NA,test,-10,LH,0,1,comb_3,no,NA,-10.0,-5.0,-15.5,6.9,19.0,NA,NA,NA
8,133704,1001,2022-07-19,0.927,6666,1,7,3138.0,test,-10,HL,0,0,comb_3,no,-11,NA,NA,NA,NA,NA,view,NA,NA
8,133713,1001,2022-07-19,0.989,6666,1,7,2460.4,test,-10,HL,0,0,comb_3,no,-10,NA,NA,NA,NA,NA,view,NA,NA
8,133722,1001,2022-07-19,0.695,6666,1,7,534.5,test,-10,HL,0,0,comb_3,no,-12,NA,NA,NA,NA,NA,view,NA,NA
8,133728,1001,2022-07-19,0.849,6666,1,7,496.7,test,-10,HL,0,1,comb_3,no,-8,NA,NA,NA,NA,NA,view,NA,NA
8,133734,1001,2022-07-19,0.904,6666,1,7,438.40000000000003,test,-10,HL,0,1,comb_3,no,-9,NA,NA,NA,NA,NA,view,NA,NA
8,133741,1001,2022-07-19,0.619,6666,1,7,2066.0,test,-10,HL,0,1,comb_3,no,-10,NA,NA,NA,NA,NA,view,NA,NA
8,133748,1001,2022-07-19,0.872,6666,1,7,1475.4,test,-10,HL,0,0,comb_3,no,-8,NA,NA,NA,NA,NA,view,NA,NA
8,133755,1001,2022-07-19,0.537,6666,1,7,2259.7999999999997,test,-10,HL,0,1,comb_3,no,-12,NA,NA,NA,NA,NA,view,NA,NA
8,133803,1001,2022-07-19,0.886,6666,1,7,1414.7,test,-10,HL,0,0,comb_3,no,-10,NA,NA,NA,NA,NA,view,NA,NA
8,133810,1001,2022-07-19,0.705,6666,1,7,2197.6,test,-10,HL,0,0,comb_3,no,-9,NA,NA,NA,NA,NA,view,NA,NA
8,133818,1001,2022-07-19,0.9,6666,1,7,8704.1,test,-10,HL,0,1,comb_3,no,-11,NA,NA,NA,NA,NA,view,NA,NA
8,133833,1001,2022-07-19,0.641,6666,1,7,1924.9,test,-10,HL,0,1,comb_3,no,-10,NA,NA,NA,NA,NA,view,NA,NA
8,133840,1001,2022-07-19,0.695,6666,1,7,8758.699999999999,test,-10,HL,0,1,comb_3,no,-7,NA,NA,NA,NA,NA,img,NA,NA
8,133855,1001,2022-07-19,0.638,6666,1,7,423.09999999999997,test,-10,HL,0,1,comb_3,no,-5,NA,NA,NA,NA,NA,img,NA,NA
8,133901,1001,2022-07-19,0.95,6666,1,7,810.9,test,-10,HL,0,0,comb_3,no,-15,NA,NA,NA,NA,NA,img,NA,NA
8,133907,1001,2022-07-19,0.642,6666,1,7,1085.1,test,-10,HL,0,1,comb_3,no,-6,NA,NA,NA,NA,NA,img,NA,NA
8,133914,1001,2022-07-19,0.798,6666,1,7,1186.3,test,-10,HL,0,0,comb_3,no,-14,NA,NA,NA,NA,NA,img,NA,NA
8,133921,1001,2022-07-19,0.91,6666,1,7,610.7,test,-10,HL,0,0,comb_3,no,-15,NA,NA,NA,NA,NA,img,NA,NA
8,133928,1001,2022-07-19,0.996,6666,1,7,603.5,test,-10,HL,0,0,comb_3,no,-15,NA,NA,NA,NA,NA,img,NA,NA
8,133934,1001,2022-07-19,0.638,6666,1,7,589.3000000000001,test,-10,HL,0,0,comb_3,no,-14,NA,NA,NA,NA,NA,img,NA,NA
8,133940,1001,2022-07-19,0.806,6666,1,7,467.8,test,-10,HL,0,1,comb_3,no,-5,NA,NA,NA,NA,NA,img,NA,NA
8,133946,1001,2022-07-19,0.764,6666,1,7,774.2,test,-10,HL,0,1,comb_3,no,-15,NA,NA,NA,NA,NA,img,NA,NA
8,133953,1001,2022-07-19,0.986,6666,1,7,1975.8,test,-10,HL,0,0,comb_3,no,-6,NA,NA,NA,NA,NA,img,NA,NA
8,134001,1001,2022-07-19,0.759,6666,1,7,876.1,test,-10,HL,0,1,comb_3,no,-7,NA,NA,NA,NA,NA,img,NA,NA
8,134037,1001,2022-07-19,0.4,1,1,7,10458.4,test,-10,HL,0,NA,comb_3,yes,-10,NA,NA,NA,NA,NA,NA,0,-10
8,134048,1001,2022-07-19,0.4,0,1,7,1945.8,test,-10,HL,0,NA,comb_3,yes,-9,NA,NA,NA,NA,NA,NA,0,-9
8,134050,1001,2022-07-19,0.4,1,1,7,4026.2000000000003,test,-10,HL,0,NA,comb_3,yes,-10,NA,NA,NA,NA,NA,NA,0,-11
8,134055,1001,2022-07-19,0.4,1,1,7,1941.2,test,-10,HL,0,NA,comb_3,yes,-8,NA,NA,NA,NA,NA,NA,0,-12
8,134057,1001,2022-07-19,0.4,1,1,7,696.6,test,-10,HL,0,NA,comb_3,yes,-10,NA,NA,NA,NA,NA,NA,0,-10
8,134058,1001,2022-07-19,0.4,0,1,7,1850.5,test,-10,HL,0,NA,comb_3,yes,-8,NA,NA,NA,NA,NA,NA,0,-8
8,134101,1001,2022-07-19,0.4,1,1,7,767.1,test,-10,HL,0,NA,comb_3,yes,-10,NA,NA,NA,NA,NA,NA,0,-12
8,134102,1001,2022-07-19,0.4,0,1,7,6046.1,test,-10,HL,0,NA,comb_3,yes,-8,NA,NA,NA,NA,NA,NA,0,-8
8,134108,1001,2022-07-19,0.4,1,1,7,700.5,test,-10,HL,0,NA,comb_3,yes,-8,NA,NA,NA,NA,NA,NA,0,-10
8,134110,1001,2022-07-19,0.4,1,1,7,1182.1999999999998,test,-10,HL,0,NA,comb_3,yes,-12,NA,NA,NA,NA,NA,NA,0,-10
8,134111,1001,2022-07-19,0.4,1,1,7,8636.900000000001,test,-10,HL,0,NA,comb_3,yes,-8,NA,NA,NA,NA,NA,NA,0,-11
8,134120,1001,2022-07-19,0.4,0,1,7,1822.1000000000001,test,-10,HL,0,NA,comb_3,yes,-9,NA,NA,NA,NA,NA,NA,0,-9
8,134123,1001,2022-07-19,0.4,0,1,7,489.9,test,-10,HL,0,NA,comb_3,yes,-8,NA,NA,NA,NA,NA,NA,0,-8
8,134124,1001,2022-07-19,0.4,1,1,7,1725.9,test,-10,HL,0,NA,comb_3,yes,-10,NA,NA,NA,NA,NA,NA,0,-10
8,134126,1001,2022-07-19,0.4,0,1,7,1069.9,test,-10,HL,0,NA,comb_3,yes,-11,NA,NA,NA,NA,NA,NA,0,-11
8,134127,1001,2022-07-19,0.4,1,1,7,462.0,test,-10,HL,0,NA,comb_3,yes,-11,NA,NA,NA,NA,NA,NA,0,-12
8,134128,1001,2022-07-19,0.4,1,1,7,411.9,test,-10,HL,0,NA,comb_3,yes,-11,NA,NA,NA,NA,NA,NA,0,-10
8,134129,1001,2022-07-19,0.4,0,1,7,696.9,test,-10,HL,0,NA,comb_3,yes,-9,NA,NA,NA,NA,NA,NA,0,-9
8,134130,1001,2022-07-19,0.4,1,1,7,986.9,test,-10,HL,0,NA,comb_3,yes,-10,NA,NA,NA,NA,NA,NA,0,-11
8,134132,1001,2022-07-19,0.4,1,1,7,1526.8,test,-10,HL,0,NA,comb_3,yes,-12,NA,NA,NA,NA,NA,NA,0,-12
8,134134,1001,2022-07-19,0.4,1,1,7,820.5,test,-10,HL,0,NA,comb_3,yes,-10,NA,NA,NA,NA,NA,NA,0,-10
8,134135,1001,2022-07-19,0.4,1,1,7,1086.3,test,-10,HL,0,NA,comb_3,yes,-8,NA,NA,NA,NA,NA,NA,0,-9
8,134137,1001,2022-07-19,0.4,1,1,7,1101.9,test,-10,HL,0,NA,comb_3,yes,-9,NA,NA,NA,NA,NA,NA,0,-10
8,134138,1001,2022-07-19,0.4,0,1,7,1598.2,test,-10,HL,0,NA,comb_3,yes,-8,NA,NA,NA,NA,NA,NA,0,-8
8,134140,1001,2022-07-19,0.4,1,1,7,2365.9,test,-10,HL,0,NA,comb_3,yes,-12,NA,NA,NA,NA,NA,NA,0,-8
8,134143,1001,2022-07-19,0.4,1,1,7,1117.8999999999999,test,-10,HL,0,NA,comb_3,yes,-8,NA,NA,NA,NA,NA,NA,0,-10
8,134145,1001,2022-07-19,0.4,1,1,7,2398.2000000000003,test,-10,HL,0,NA,comb_3,yes,-10,NA,NA,NA,NA,NA,NA,0,-11
8,134148,1001,2022-07-19,0.4,0,1,7,788.5,test,-10,HL,0,NA,comb_3,yes,-9,NA,NA,NA,NA,NA,NA,0,-9
8,134149,1001,2022-07-19,0.4,1,1,7,526.1,test,-10,HL,0,NA,comb_3,yes,-10,NA,NA,NA,NA,NA,NA,0,-10
8,134150,1001,2022-07-19,0.4,1,1,7,456.0,test,-10,HL,0,NA,comb_3,yes,-10,NA,NA,NA,NA,NA,NA,0,-12
8,134248,1001,2022-07-19,NA,NA,1,7,NA,test,-10,HL,0,1,comb_3,no,NA,-10.0,-5.0,-14.0,5.9,5.0,NA,NA,NA
9,134248,1001,2022-07-19,0.744,6666,0,5,3205.2000000000003,test,-6,HL,0,0,comb_3,no,-7,NA,NA,NA,NA,NA,view,NA,NA
9,134257,1001,2022-07-19,0.518,6666,0,5,1034.8,test,-6,HL,0,1,comb_3,no,-5,NA,NA,NA,NA,NA,view,NA,NA
9,134304,1001,2022-07-19,0.72,6666,0,5,372.2,test,-6,HL,0,0,comb_3,no,-8,NA,NA,NA,NA,NA,view,NA,NA
9,134310,1001,2022-07-19,0.978,6666,0,5,1504.0,test,-6,HL,0,0,comb_3,no,-6,NA,NA,NA,NA,NA,view,NA,NA
9,134317,1001,2022-07-19,0.992,6666,0,5,1212.8000000000002,test,-6,HL,0,1,comb_3,no,-6,NA,NA,NA,NA,NA,view,NA,NA
9,134324,1001,2022-07-19,0.585,6666,0,5,725.5,test,-6,HL,0,1,comb_3,no,-4,NA,NA,NA,NA,NA,view,NA,NA
9,134331,1001,2022-07-19,0.971,6666,0,5,4759.0,test,-6,HL,0,0,comb_3,no,-6,NA,NA,NA,NA,NA,view,NA,NA
9,134341,1001,2022-07-19,0.807,6666,0,5,413.5,test,-6,HL,0,0,comb_3,no,-4,NA,NA,NA,NA,NA,view,NA,NA
9,134347,1001,2022-07-19,0.726,6666,0,5,571.4,test,-6,HL,0,1,comb_3,no,-5,NA,NA,NA,NA,NA,view,NA,NA
9,134354,1001,2022-07-19,0.956,6666,0,5,843.6,test,-6,HL,0,1,comb_3,no,-7,NA,NA,NA,NA,NA,view,NA,NA
9,134400,1001,2022-07-19,0.698,6666,0,5,772.5999999999999,test,-6,HL,0,0,comb_3,no,-6,NA,NA,NA,NA,NA,view,NA,NA
9,134407,1001,2022-07-19,0.702,6666,0,5,965.0,test,-6,HL,0,1,comb_3,no,-8,NA,NA,NA,NA,NA,view,NA,NA
9,134413,1001,2022-07-19,0.951,6666,0,5,5865.8,test,-6,HL,0,1,comb_3,no,-3,NA,NA,NA,NA,NA,img,NA,NA
9,134425,1001,2022-07-19,0.835,6666,0,5,1274.8999999999999,test,-6,HL,0,1,comb_3,no,-2,NA,NA,NA,NA,NA,img,NA,NA
9,134432,1001,2022-07-19,0.719,6666,0,5,692.6999999999999,test,-6,HL,0,0,comb_3,no,-11,NA,NA,NA,NA,NA,img,NA,NA
9,134439,1001,2022-07-19,0.722,6666,0,5,648.1,test,-6,HL,0,1,comb_3,no,-1,NA,NA,NA,NA,NA,img,NA,NA
9,134445,1001,2022-07-19,0.943,6666,0,5,701.7,test,-6,HL,0,0,comb_3,no,-11,NA,NA,NA,NA,NA,img,NA,NA
9,134452,1001,2022-07-19,0.699,6666,0,5,654.6999999999999,test,-6,HL,0,0,comb_3,no,-10,NA,NA,NA,NA,NA,img,NA,NA
9,134458,1001,2022-07-19,0.914,6666,0,5,959.2,test,-6,HL,0,1,comb_3,no,-11,NA,NA,NA,NA,NA,img,NA,NA
9,134505,1001,2022-07-19,0.926,6666,0,5,911.5,test,-6,HL,0,0,comb_3,no,-1,NA,NA,NA,NA,NA,img,NA,NA
9,134511,1001,2022-07-19,0.941,6666,0,5,584.5,test,-6,HL,0,0,comb_3,no,-11,NA,NA,NA,NA,NA,img,NA,NA
9,134518,1001,2022-07-19,0.853,6666,0,5,848.9,test,-6,HL,0,1,comb_3,no,-2,NA,NA,NA,NA,NA,img,NA,NA
9,134525,1001,2022-07-19,0.785,6666,0,5,558.6,test,-6,HL,0,0,comb_3,no,-10,NA,NA,NA,NA,NA,img,NA,NA
9,134531,1001,2022-07-19,0.872,6666,0,5,648.1,test,-6,HL,0,1,comb_3,no,-3,NA,NA,NA,NA,NA,img,NA,NA
9,134548,1001,2022-07-19,0.4,1,0,5,2589.7000000000003,test,-6,HL,0,NA,comb_3,yes,-8,NA,NA,NA,NA,NA,NA,0,-6
9,134551,1001,2022-07-19,0.4,0,0,5,5070.1,test,-6,HL,0,NA,comb_3,yes,-5,NA,NA,NA,NA,NA,NA,0,-5
9,134556,1001,2022-07-19,0.4,1,0,5,1753.2,test,-6,HL,0,NA,comb_3,yes,-6,NA,NA,NA,NA,NA,NA,0,-7
9,134559,1001,2022-07-19,0.4,1,0,5,911.4,test,-6,HL,0,NA,comb_3,yes,-5,NA,NA,NA,NA,NA,NA,0,-8
9,134600,1001,2022-07-19,0.4,1,0,5,5930.799999999999,test,-6,HL,0,NA,comb_3,yes,-4,NA,NA,NA,NA,NA,NA,0,-6
9,134606,1001,2022-07-19,0.4,0,0,5,621.7,test,-6,HL,0,NA,comb_3,yes,-4,NA,NA,NA,NA,NA,NA,0,-4
9,134607,1001,2022-07-19,0.4,1,0,5,926.9,test,-6,HL,0,NA,comb_3,yes,-6,NA,NA,NA,NA,NA,NA,0,-6
9,134609,1001,2022-07-19,0.4,0,0,5,1179.5,test,-6,HL,0,NA,comb_3,yes,-4,NA,NA,NA,NA,NA,NA,0,-4
9,134611,1001,2022-07-19,0.4,1,0,5,1178.1999999999998,test,-6,HL,0,NA,comb_3,yes,-4,NA,NA,NA,NA,NA,NA,0,-7
9,134612,1001,2022-07-19,0.4,1,0,5,840.8,test,-6,HL,0,NA,comb_3,yes,-6,NA,NA,NA,NA,NA,NA,0,-8
9,134613,1001,2022-07-19,0.4,0,0,5,1092.6,test,-6,HL,0,NA,comb_3,yes,-5,NA,NA,NA,NA,NA,NA,0,-5
9,134615,1001,2022-07-19,0.4,1,0,5,910.2,test,-6,HL,0,NA,comb_3,yes,-7,NA,NA,NA,NA,NA,NA,0,-6
9,134616,1001,2022-07-19,0.4,1,0,5,1070.2,test,-6,HL,0,NA,comb_3,yes,-7,NA,NA,NA,NA,NA,NA,0,-8
9,134618,1001,2022-07-19,0.4,1,0,5,1229.9,test,-6,HL,0,NA,comb_3,yes,-6,NA,NA,NA,NA,NA,NA,0,-6
9,134620,1001,2022-07-19,0.4,1,0,5,957.9,test,-6,HL,0,NA,comb_3,yes,-6,NA,NA,NA,NA,NA,NA,0,-7
9,134621,1001,2022-07-19,0.4,1,0,5,632.1999999999999,test,-6,HL,0,NA,comb_3,yes,-6,NA,NA,NA,NA,NA,NA,0,-6
9,134622,1001,2022-07-19,0.4,0,0,5,1068.7,test,-6,HL,0,NA,comb_3,yes,-5,NA,NA,NA,NA,NA,NA,0,-5
9,134624,1001,2022-07-19,0.4,0,0,5,590.5,test,-6,HL,0,NA,comb_3,yes,-4,NA,NA,NA,NA,NA,NA,0,-4
9,134625,1001,2022-07-19,0.4,1,0,5,1102.1000000000001,test,-6,HL,0,NA,comb_3,yes,-4,NA,NA,NA,NA,NA,NA,0,-8
9,134626,1001,2022-07-19,0.4,1,0,5,1047.8,test,-6,HL,0,NA,comb_3,yes,-8,NA,NA,NA,NA,NA,NA,0,-6
9,134628,1001,2022-07-19,0.4,0,0,5,635.8000000000001,test,-6,HL,0,NA,comb_3,yes,-4,NA,NA,NA,NA,NA,NA,0,-4
9,134629,1001,2022-07-19,0.4,0,0,5,750.4,test,-6,HL,0,NA,comb_3,yes,-5,NA,NA,NA,NA,NA,NA,0,-5
9,134630,1001,2022-07-19,0.4,1,0,5,1037.4,test,-6,HL,0,NA,comb_3,yes,-8,NA,NA,NA,NA,NA,NA,0,-7
9,134632,1001,2022-07-19,0.4,1,0,5,1870.2,test,-6,HL,0,NA,comb_3,yes,-8,NA,NA,NA,NA,NA,NA,0,-6
9,134634,1001,2022-07-19,0.4,1,0,5,935.8,test,-6,HL,0,NA,comb_3,yes,-4,NA,NA,NA,NA,NA,NA,0,-8
9,134635,1001,2022-07-19,0.4,1,0,5,798.0,test,-6,HL,0,NA,comb_3,yes,-4,NA,NA,NA,NA,NA,NA,0,-7
9,134637,1001,2022-07-19,0.4,0,0,5,1038.2,test,-6,HL,0,NA,comb_3,yes,-4,NA,NA,NA,NA,NA,NA,0,-4
9,134638,1001,2022-07-19,0.4,0,0,5,597.0,test,-6,HL,0,NA,comb_3,yes,-5,NA,NA,NA,NA,NA,NA,0,-5
9,134639,1001,2022-07-19,0.4,1,0,5,520.0,test,-6,HL,0,NA,comb_3,yes,-4,NA,NA,NA,NA,NA,NA,0,-6
9,134640,1001,2022-07-19,0.4,1,0,5,1038.0,test,-6,HL,0,NA,comb_3,yes,-4,NA,NA,NA,NA,NA,NA,0,-6
9,134710,1001,2022-07-19,NA,NA,0,5,NA,test,-6,HL,0,1,comb_3,no,NA,-6.0,-4.0,-8.0,14.0,18.9,NA,NA,NA
10,134740,1001,2022-07-19,0.556,6666,0,6,4227.2,test,-10,HL,0,0,comb_1,no,-10,NA,NA,NA,NA,NA,view,NA,NA
10,134750,1001,2022-07-19,0.678,6666,0,6,1100.0,test,-10,HL,0,1,comb_1,no,-8,NA,NA,NA,NA,NA,view,NA,NA
10,134756,1001,2022-07-19,0.764,6666,0,6,669.4,test,-10,HL,0,0,comb_1,no,-11,NA,NA,NA,NA,NA,view,NA,NA
10,134803,1001,2022-07-19,0.997,6666,0,6,774.5,test,-10,HL,0,0,comb_1,no,-12,NA,NA,NA,NA,NA,view,NA,NA
10,134809,1001,2022-07-19,0.536,6666,0,6,665.2,test,-10,HL,0,1,comb_1,no,-9,NA,NA,NA,NA,NA,view,NA,NA
10,134816,1001,2022-07-19,0.649,6666,0,6,275.4,test,-10,HL,0,1,comb_1,no,-10,NA,NA,NA,NA,NA,view,NA,NA
10,134821,1001,2022-07-19,0.646,6666,0,6,1473.9,test,-10,HL,0,0,comb_1,no,-10,NA,NA,NA,NA,NA,view,NA,NA
10,134828,1001,2022-07-19,0.936,6666,0,6,691.1,test,-10,HL,0,1,comb_1,no,-10,NA,NA,NA,NA,NA,view,NA,NA
10,134835,1001,2022-07-19,0.977,6666,0,6,410.7,test,-10,HL,0,0,comb_1,no,-9,NA,NA,NA,NA,NA,view,NA,NA
10,134841,1001,2022-07-19,0.685,6666,0,6,1732.2,test,-10,HL,0,1,comb_1,no,-11,NA,NA,NA,NA,NA,view,NA,NA
10,134849,1001,2022-07-19,0.954,6666,0,6,1568.3,test,-10,HL,0,1,comb_1,no,-8,NA,NA,NA,NA,NA,view,NA,NA
10,134856,1001,2022-07-19,0.555,6666,0,6,826.8,test,-10,HL,0,0,comb_1,no,-12,NA,NA,NA,NA,NA,view,NA,NA
10,134903,1001,2022-07-19,0.692,6666,0,6,15611.7,test,-10,HL,0,1,comb_1,no,-5,NA,NA,NA,NA,NA,img,NA,NA
10,134924,1001,2022-07-19,0.903,6666,0,6,831.0,test,-10,HL,0,0,comb_1,no,-15,NA,NA,NA,NA,NA,img,NA,NA
10,134930,1001,2022-07-19,0.824,6666,0,6,963.6,test,-10,HL,0,0,comb_1,no,-15,NA,NA,NA,NA,NA,img,NA,NA
10,134937,1001,2022-07-19,0.907,6666,0,6,872.1,test,-10,HL,0,1,comb_1,no,-7,NA,NA,NA,NA,NA,img,NA,NA
10,134944,1001,2022-07-19,0.851,6666,0,6,439.7,test,-10,HL,0,1,comb_1,no,-6,NA,NA,NA,NA,NA,img,NA,NA
10,134950,1001,2022-07-19,0.526,6666,0,6,595.3000000000001,test,-10,HL,0,0,comb_1,no,-14,NA,NA,NA,NA,NA,img,NA,NA
10,134956,1001,2022-07-19,0.759,6666,0,6,489.0,test,-10,HL,0,1,comb_1,no,-15,NA,NA,NA,NA,NA,img,NA,NA
10,135002,1001,2022-07-19,0.735,6666,0,6,2650.5,test,-10,HL,0,1,comb_1,no,-15,NA,NA,NA,NA,NA,img,NA,NA
10,135011,1001,2022-07-19,0.616,6666,0,6,666.0,test,-10,HL,0,0,comb_1,no,-6,NA,NA,NA,NA,NA,img,NA,NA
10,135017,1001,2022-07-19,0.717,6666,0,6,2570.2,test,-10,HL,0,1,comb_1,no,-5,NA,NA,NA,NA,NA,img,NA,NA
10,135025,1001,2022-07-19,0.606,6666,0,6,628.3,test,-10,HL,0,0,comb_1,no,-7,NA,NA,NA,NA,NA,img,NA,NA
10,135031,1001,2022-07-19,0.825,6666,0,6,1224.8000000000002,test,-10,HL,0,0,comb_1,no,-14,NA,NA,NA,NA,NA,img,NA,NA
10,135050,1001,2022-07-19,0.4,1,0,6,5189.9,test,-10,HL,0,NA,comb_1,yes,-10,NA,NA,NA,NA,NA,NA,0,-10
10,135056,1001,2022-07-19,0.4,0,0,6,2142.6,test,-10,HL,0,NA,comb_1,yes,-8,NA,NA,NA,NA,NA,NA,0,-8
10,135058,1001,2022-07-19,0.4,1,0,6,741.3,test,-10,HL,0,NA,comb_1,yes,-8,NA,NA,NA,NA,NA,NA,0,-10
10,135059,1001,2022-07-19,0.4,1,0,6,878.9,test,-10,HL,0,NA,comb_1,yes,-9,NA,NA,NA,NA,NA,NA,0,-12
10,135101,1001,2022-07-19,0.4,0,0,6,2341.0,test,-10,HL,0,NA,comb_1,yes,-9,NA,NA,NA,NA,NA,NA,0,-9
10,135104,1001,2022-07-19,0.4,1,0,6,521.9,test,-10,HL,0,NA,comb_1,yes,-11,NA,NA,NA,NA,NA,NA,0,-11
10,135105,1001,2022-07-19,0.4,0,0,6,1279.4,test,-10,HL,0,NA,comb_1,yes,-8,NA,NA,NA,NA,NA,NA,0,-8
10,135106,1001,2022-07-19,0.4,1,0,6,637.9,test,-10,HL,0,NA,comb_1,yes,-11,NA,NA,NA,NA,NA,NA,0,-11
10,135107,1001,2022-07-19,0.4,1,0,6,2702.2,test,-10,HL,0,NA,comb_1,yes,-12,NA,NA,NA,NA,NA,NA,0,-10
10,135111,1001,2022-07-19,0.4,0,0,6,4078.2999999999997,test,-10,HL,0,NA,comb_1,yes,-9,NA,NA,NA,NA,NA,NA,0,-9
10,135115,1001,2022-07-19,0.4,1,0,6,478.2,test,-10,HL,0,NA,comb_1,yes,-8,NA,NA,NA,NA,NA,NA,0,-12
10,135116,1001,2022-07-19,0.4,1,0,6,1163.6,test,-10,HL,0,NA,comb_1,yes,-9,NA,NA,NA,NA,NA,NA,0,-10
10,135118,1001,2022-07-19,0.4,1,0,6,1306.7,test,-10,HL,0,NA,comb_1,yes,-11,NA,NA,NA,NA,NA,NA,0,-10
10,135120,1001,2022-07-19,0.4,0,0,6,916.5,test,-10,HL,0,NA,comb_1,yes,-8,NA,NA,NA,NA,NA,NA,0,-8
10,135121,1001,2022-07-19,0.4,1,0,6,4638.0,test,-10,HL,0,NA,comb_1,yes,-8,NA,NA,NA,NA,NA,NA,0,-10
10,135126,1001,2022-07-19,0.4,1,0,6,1214.1,test,-10,HL,0,NA,comb_1,yes,-9,NA,NA,NA,NA,NA,NA,0,-11
10,135128,1001,2022-07-19,0.4,1,0,6,637.8000000000001,test,-10,HL,0,NA,comb_1,yes,-9,NA,NA,NA,NA,NA,NA,0,-12
10,135129,1001,2022-07-19,0.4,0,0,6,740.8000000000001,test,-10,HL,0,NA,comb_1,yes,-9,NA,NA,NA,NA,NA,NA,0,-9
10,135130,1001,2022-07-19,0.4,1,0,6,653.9000000000001,test,-10,HL,0,NA,comb_1,yes,-10,NA,NA,NA,NA,NA,NA,0,-12
10,135131,1001,2022-07-19,0.4,0,0,6,1272.8,test,-10,HL,0,NA,comb_1,yes,-10,NA,NA,NA,NA,NA,NA,0,-10
10,135133,1001,2022-07-19,0.4,0,0,6,845.6,test,-10,HL,0,NA,comb_1,yes,-9,NA,NA,NA,NA,NA,NA,0,-9
10,135134,1001,2022-07-19,0.4,1,0,6,813.3000000000001,test,-10,HL,0,NA,comb_1,yes,-9,NA,NA,NA,NA,NA,NA,0,-11
10,135135,1001,2022-07-19,0.4,0,0,6,541.6999999999999,test,-10,HL,0,NA,comb_1,yes,-8,NA,NA,NA,NA,NA,NA,0,-8
10,135136,1001,2022-07-19,0.4,1,0,6,1012.6999999999999,test,-10,HL,0,NA,comb_1,yes,-8,NA,NA,NA,NA,NA,NA,0,-10
10,135138,1001,2022-07-19,0.4,1,0,6,842.5,test,-10,HL,0,NA,comb_1,yes,-10,NA,NA,NA,NA,NA,NA,0,-12
10,135139,1001,2022-07-19,0.4,1,0,6,813.6999999999999,test,-10,HL,0,NA,comb_1,yes,-10,NA,NA,NA,NA,NA,NA,0,-10
10,135141,1001,2022-07-19,0.4,1,0,6,580.8,test,-10,HL,0,NA,comb_1,yes,-8,NA,NA,NA,NA,NA,NA,0,-11
10,135142,1001,2022-07-19,0.4,0,0,6,1114.2,test,-10,HL,0,NA,comb_1,yes,-8,NA,NA,NA,NA,NA,NA,0,-8
10,135143,1001,2022-07-19,0.4,1,0,6,555.6,test,-10,HL,0,NA,comb_1,yes,-9,NA,NA,NA,NA,NA,NA,0,-10
10,135144,1001,2022-07-19,0.4,0,0,6,590.3000000000001,test,-10,HL,0,NA,comb_1,yes,-9,NA,NA,NA,NA,NA,NA,0,-9
10,135205,1001,2022-07-19,NA,NA,0,6,NA,test,-10,HL,0,0,comb_1,no,NA,-10.0,-8.0,-12.0,16.0,17.0,NA,NA,NA
11,135205,1001,2022-07-19,0.851,6666,2,6,2434.8,test,-10,LH,0,1,comb_1,no,-6,NA,NA,NA,NA,NA,view,NA,NA
11,135213,1001,2022-07-19,0.671,6666,2,6,1042.1000000000001,test,-10,LH,0,0,comb_1,no,-15,NA,NA,NA,NA,NA,view,NA,NA
11,135220,1001,2022-07-19,0.924,6666,2,6,637.1,test,-10,LH,0,1,comb_1,no,-7,NA,NA,NA,NA,NA,view,NA,NA
11,135226,1001,2022-07-19,0.878,6666,2,6,491.3,test,-10,LH,0,0,comb_1,no,-14,NA,NA,NA,NA,NA,view,NA,NA
11,135233,1001,2022-07-19,0.674,6666,2,6,431.7,test,-10,LH,0,0,comb_1,no,-13,NA,NA,NA,NA,NA,view,NA,NA
11,135239,1001,2022-07-19,0.855,6666,2,6,394.8,test,-10,LH,0,1,comb_1,no,-5,NA,NA,NA,NA,NA,view,NA,NA
11,135245,1001,2022-07-19,0.525,6666,2,6,626.5,test,-10,LH,0,0,comb_1,no,-13,NA,NA,NA,NA,NA,view,NA,NA
11,135251,1001,2022-07-19,0.87,6666,2,6,1990.8999999999999,test,-10,LH,0,0,comb_1,no,-5,NA,NA,NA,NA,NA,view,NA,NA
11,135259,1001,2022-07-19,0.504,6666,2,6,1695.3,test,-10,LH,0,1,comb_1,no,-15,NA,NA,NA,NA,NA,view,NA,NA
11,135306,1001,2022-07-19,0.654,6666,2,6,2209.2000000000003,test,-10,LH,0,0,comb_1,no,-14,NA,NA,NA,NA,NA,view,NA,NA
11,135314,1001,2022-07-19,0.736,6666,2,6,616.6,test,-10,LH,0,1,comb_1,no,-7,NA,NA,NA,NA,NA,view,NA,NA
11,135320,1001,2022-07-19,0.832,6666,2,6,980.6,test,-10,LH,0,1,comb_1,no,-6,NA,NA,NA,NA,NA,view,NA,NA
11,135327,1001,2022-07-19,0.788,6666,2,6,20725.4,test,-10,LH,0,0,comb_1,no,-12,NA,NA,NA,NA,NA,img,NA,NA
11,135353,1001,2022-07-19,0.804,6666,2,6,524.7,test,-10,LH,0,0,comb_1,no,-12,NA,NA,NA,NA,NA,img,NA,NA
11,135400,1001,2022-07-19,0.898,6666,2,6,710.9,test,-10,LH,0,1,comb_1,no,-9,NA,NA,NA,NA,NA,img,NA,NA
11,135406,1001,2022-07-19,0.631,6666,2,6,849.7,test,-10,LH,0,0,comb_1,no,-11,NA,NA,NA,NA,NA,img,NA,NA
11,135413,1001,2022-07-19,0.701,6666,2,6,541.2,test,-10,LH,0,1,comb_1,no,-8,NA,NA,NA,NA,NA,img,NA,NA
11,135419,1001,2022-07-19,0.582,6666,2,6,527.4,test,-10,LH,0,1,comb_1,no,-10,NA,NA,NA,NA,NA,img,NA,NA
11,135425,1001,2022-07-19,0.961,6666,2,6,646.8000000000001,test,-10,LH,0,0,comb_1,no,-11,NA,NA,NA,NA,NA,img,NA,NA
11,135431,1001,2022-07-19,0.636,6666,2,6,417.2,test,-10,LH,0,1,comb_1,no,-9,NA,NA,NA,NA,NA,img,NA,NA
11,135437,1001,2022-07-19,0.56,6666,2,6,577.9,test,-10,LH,0,0,comb_1,no,-10,NA,NA,NA,NA,NA,img,NA,NA
11,135443,1001,2022-07-19,0.674,6666,2,6,543.9000000000001,test,-10,LH,0,1,comb_1,no,-12,NA,NA,NA,NA,NA,img,NA,NA
11,135450,1001,2022-07-19,0.647,6666,2,6,454.5,test,-10,LH,0,1,comb_1,no,-12,NA,NA,NA,NA,NA,img,NA,NA
11,135456,1001,2022-07-19,0.705,6666,2,6,448.29999999999995,test,-10,LH,0,0,comb_1,no,-8,NA,NA,NA,NA,NA,img,NA,NA
11,135508,1001,2022-07-19,0.4,0,2,6,1256.8999999999999,test,-10,LH,0,NA,comb_1,yes,-5,NA,NA,NA,NA,NA,NA,0,-5
11,135510,1001,2022-07-19,0.4,1,2,6,1259.1000000000001,test,-10,LH,0,NA,comb_1,yes,-6,NA,NA,NA,NA,NA,NA,0,-13
11,135511,1001,2022-07-19,0.4,1,2,6,1503.3000000000002,test,-10,LH,0,NA,comb_1,yes,-14,NA,NA,NA,NA,NA,NA,0,-14
11,135513,1001,2022-07-19,0.4,0,2,6,719.5,test,-10,LH,0,NA,comb_1,yes,-6,NA,NA,NA,NA,NA,NA,0,-6
11,135514,1001,2022-07-19,0.4,0,2,6,671.5,test,-10,LH,0,NA,comb_1,yes,-7,NA,NA,NA,NA,NA,NA,0,-7
11,135516,1001,2022-07-19,0.4,1,2,6,879.1999999999999,test,-10,LH,0,NA,comb_1,yes,-5,NA,NA,NA,NA,NA,NA,0,-15
11,135517,1001,2022-07-19,0.4,0,2,6,671.8,test,-10,LH,0,NA,comb_1,yes,-7,NA,NA,NA,NA,NA,NA,0,-7
11,135518,1001,2022-07-19,0.4,0,2,6,501.09999999999997,test,-10,LH,0,NA,comb_1,yes,-6,NA,NA,NA,NA,NA,NA,0,-6
11,135519,1001,2022-07-19,0.4,1,2,6,1676.3999999999999,test,-10,LH,0,NA,comb_1,yes,-5,NA,NA,NA,NA,NA,NA,0,-13
11,135521,1001,2022-07-19,0.4,1,2,6,1431.4,test,-10,LH,0,NA,comb_1,yes,-5,NA,NA,NA,NA,NA,NA,0,-14
11,135523,1001,2022-07-19,0.4,1,2,6,892.3,test,-10,LH,0,NA,comb_1,yes,-15,NA,NA,NA,NA,NA,NA,0,-15
11,135524,1001,2022-07-19,0.4,0,2,6,670.1,test,-10,LH,0,NA,comb_1,yes,-5,NA,NA,NA,NA,NA,NA,0,-5
11,135526,1001,2022-07-19,0.4,0,2,6,1609.5,test,-10,LH,0,NA,comb_1,yes,-6,NA,NA,NA,NA,NA,NA,0,-6
11,135528,1001,2022-07-19,0.4,1,2,6,1614.1000000000001,test,-10,LH,0,NA,comb_1,yes,-13,NA,NA,NA,NA,NA,NA,0,-14
11,135530,1001,2022-07-19,0.4,1,2,6,733.9,test,-10,LH,0,NA,comb_1,yes,-14,NA,NA,NA,NA,NA,NA,0,-15
11,135531,1001,2022-07-19,0.4,1,2,6,381.0,test,-10,LH,0,NA,comb_1,yes,-14,NA,NA,NA,NA,NA,NA,0,-13
11,135532,1001,2022-07-19,0.4,0,2,6,734.1999999999999,test,-10,LH,0,NA,comb_1,yes,-5,NA,NA,NA,NA,NA,NA,0,-5
11,135533,1001,2022-07-19,0.4,0,2,6,558.0,test,-10,LH,0,NA,comb_1,yes,-7,NA,NA,NA,NA,NA,NA,0,-7
11,135534,1001,2022-07-19,0.4,1,2,6,539.9000000000001,test,-10,LH,0,NA,comb_1,yes,-14,NA,NA,NA,NA,NA,NA,0,-14
11,135535,1001,2022-07-19,0.4,0,2,6,558.2,test,-10,LH,0,NA,comb_1,yes,-6,NA,NA,NA,NA,NA,NA,0,-6
11,135536,1001,2022-07-19,0.4,0,2,6,491.3,test,-10,LH,0,NA,comb_1,yes,-7,NA,NA,NA,NA,NA,NA,0,-7
11,135537,1001,2022-07-19,0.4,0,2,6,462.2,test,-10,LH,0,NA,comb_1,yes,-5,NA,NA,NA,NA,NA,NA,0,-5
11,135538,1001,2022-07-19,0.4,1,2,6,494.3,test,-10,LH,0,NA,comb_1,yes,-14,NA,NA,NA,NA,NA,NA,0,-15
11,135539,1001,2022-07-19,0.4,1,2,6,506.6,test,-10,LH,0,NA,comb_1,yes,-15,NA,NA,NA,NA,NA,NA,0,-13
11,135540,1001,2022-07-19,0.4,0,2,6,542.2,test,-10,LH,0,NA,comb_1,yes,-5,NA,NA,NA,NA,NA,NA,0,-5
11,135541,1001,2022-07-19,0.4,1,2,6,588.1999999999999,test,-10,LH,0,NA,comb_1,yes,-5,NA,NA,NA,NA,NA,NA,0,-13
11,135542,1001,2022-07-19,0.4,0,2,6,1037.6000000000001,test,-10,LH,0,NA,comb_1,yes,-6,NA,NA,NA,NA,NA,NA,0,-6
11,135543,1001,2022-07-19,0.4,1,2,6,590.3000000000001,test,-10,LH,0,NA,comb_1,yes,-6,NA,NA,NA,NA,NA,NA,0,-14
11,135545,1001,2022-07-19,0.4,0,2,6,557.3000000000001,test,-10,LH,0,NA,comb_1,yes,-7,NA,NA,NA,NA,NA,NA,0,-7
11,135546,1001,2022-07-19,0.4,1,2,6,893.9,test,-10,LH,0,NA,comb_1,yes,-15,NA,NA,NA,NA,NA,NA,0,-15
11,135619,1001,2022-07-19,NA,NA,2,6,NA,test,-10,LH,0,0,comb_1,no,NA,-9.5,-5.0,-15.0,11.9,19.0,NA,NA,NA
12,135619,1001,2022-07-19,0.512,6666,0,3,4442.3,test,-6,HL,0,0,comb_1,no,-8,NA,NA,NA,NA,NA,view,NA,NA
12,135629,1001,2022-07-19,0.727,6666,0,3,670.0,test,-6,HL,0,1,comb_1,no,-6,NA,NA,NA,NA,NA,view,NA,NA
12,135636,1001,2022-07-19,0.972,6666,0,3,845.3000000000001,test,-6,HL,0,0,comb_1,no,-7,NA,NA,NA,NA,NA,view,NA,NA
12,135642,1001,2022-07-19,0.521,6666,0,3,392.1,test,-6,HL,0,1,comb_1,no,-5,NA,NA,NA,NA,NA,view,NA,NA
12,135648,1001,2022-07-19,0.976,6666,0,3,630.1999999999999,test,-6,HL,0,1,comb_1,no,-4,NA,NA,NA,NA,NA,view,NA,NA
12,135655,1001,2022-07-19,0.511,6666,0,3,329.29999999999995,test,-6,HL,0,0,comb_1,no,-6,NA,NA,NA,NA,NA,view,NA,NA
12,135701,1001,2022-07-19,0.543,6666,0,3,14015.4,test,-6,HL,0,0,comb_1,no,-6,NA,NA,NA,NA,NA,view,NA,NA
12,135720,1001,2022-07-19,0.976,6666,0,3,1468.3999999999999,test,-6,HL,0,1,comb_1,no,-7,NA,NA,NA,NA,NA,view,NA,NA
12,135727,1001,2022-07-19,0.577,6666,0,3,662.4,test,-6,HL,0,0,comb_1,no,-5,NA,NA,NA,NA,NA,view,NA,NA
12,135734,1001,2022-07-19,0.743,6666,0,3,927.3000000000001,test,-6,HL,0,1,comb_1,no,-6,NA,NA,NA,NA,NA,view,NA,NA
12,135740,1001,2022-07-19,0.931,6666,0,3,649.7,test,-6,HL,0,1,comb_1,no,-8,NA,NA,NA,NA,NA,view,NA,NA
12,135747,1001,2022-07-19,0.548,6666,0,3,504.6,test,-6,HL,0,0,comb_1,no,-4,NA,NA,NA,NA,NA,view,NA,NA
12,135753,1001,2022-07-19,0.562,6666,0,3,2318.2999999999997,test,-6,HL,0,0,comb_1,no,-11,NA,NA,NA,NA,NA,img,NA,NA
12,135801,1001,2022-07-19,0.907,6666,0,3,345.4,test,-6,HL,0,0,comb_1,no,-10,NA,NA,NA,NA,NA,img,NA,NA
12,135807,1001,2022-07-19,0.935,6666,0,3,541.0,test,-6,HL,0,0,comb_1,no,-11,NA,NA,NA,NA,NA,img,NA,NA
12,135813,1001,2022-07-19,0.823,6666,0,3,363.09999999999997,test,-6,HL,0,1,comb_1,no,-3,NA,NA,NA,NA,NA,img,NA,NA
12,135819,1001,2022-07-19,0.893,6666,0,3,597.0,test,-6,HL,0,1,comb_1,no,-1,NA,NA,NA,NA,NA,img,NA,NA
12,135826,1001,2022-07-19,0.65,6666,0,3,456.5,test,-6,HL,0,1,comb_1,no,-2,NA,NA,NA,NA,NA,img,NA,NA
12,135832,1001,2022-07-19,0.994,6666,0,3,366.3,test,-6,HL,0,1,comb_1,no,-11,NA,NA,NA,NA,NA,img,NA,NA
12,135838,1001,2022-07-19,0.775,6666,0,3,545.6,test,-6,HL,0,0,comb_1,no,-3,NA,NA,NA,NA,NA,img,NA,NA
12,135845,1001,2022-07-19,0.958,6666,0,3,1603.1,test,-6,HL,0,1,comb_1,no,-10,NA,NA,NA,NA,NA,img,NA,NA
12,135852,1001,2022-07-19,0.778,6666,0,3,570.5,test,-6,HL,0,0,comb_1,no,-1,NA,NA,NA,NA,NA,img,NA,NA
12,135858,1001,2022-07-19,0.623,6666,0,3,511.2,test,-6,HL,0,0,comb_1,no,-2,NA,NA,NA,NA,NA,img,NA,NA
12,135904,1001,2022-07-19,0.92,6666,0,3,1061.3999999999999,test,-6,HL,0,1,comb_1,no,-11,NA,NA,NA,NA,NA,img,NA,NA
12,135918,1001,2022-07-19,0.4,0,0,3,2029.3999999999999,test,-6,HL,0,NA,comb_1,yes,-4,NA,NA,NA,NA,NA,NA,0,-4
12,135920,1001,2022-07-19,0.4,1,0,3,1290.5,test,-6,HL,0,NA,comb_1,yes,-8,NA,NA,NA,NA,NA,NA,0,-6
12,135922,1001,2022-07-19,0.4,0,0,3,3807.4,test,-6,HL,0,NA,comb_1,yes,-5,NA,NA,NA,NA,NA,NA,0,-5
12,135926,1001,2022-07-19,0.4,0,0,3,971.9,test,-6,HL,0,NA,comb_1,yes,-6,NA,NA,NA,NA,NA,NA,0,-6
12,135928,1001,2022-07-19,0.4,1,0,3,686.8,test,-6,HL,0,NA,comb_1,yes,-4,NA,NA,NA,NA,NA,NA,0,-7
12,135929,1001,2022-07-19,0.4,1,0,3,767.5,test,-6,HL,0,NA,comb_1,yes,-4,NA,NA,NA,NA,NA,NA,0,-8
12,135930,1001,2022-07-19,0.4,1,0,3,591.3000000000001,test,-6,HL,0,NA,comb_1,yes,-8,NA,NA,NA,NA,NA,NA,0,-7
12,135931,1001,2022-07-19,0.4,1,0,3,602.6,test,-6,HL,0,NA,comb_1,yes,-6,NA,NA,NA,NA,NA,NA,0,-6
12,135932,1001,2022-07-19,0.4,1,0,3,623.5,test,-6,HL,0,NA,comb_1,yes,-7,NA,NA,NA,NA,NA,NA,0,-6
12,135933,1001,2022-07-19,0.4,1,0,3,719.5,test,-6,HL,0,NA,comb_1,yes,-6,NA,NA,NA,NA,NA,NA,0,-8
12,135934,1001,2022-07-19,0.4,0,0,3,621.9,test,-6,HL,0,NA,comb_1,yes,-5,NA,NA,NA,NA,NA,NA,0,-5
12,135935,1001,2022-07-19,0.4,0,0,3,811.3000000000001,test,-6,HL,0,NA,comb_1,yes,-4,NA,NA,NA,NA,NA,NA,0,-4
12,135937,1001,2022-07-19,0.4,1,0,3,1048.5,test,-6,HL,0,NA,comb_1,yes,-5,NA,NA,NA,NA,NA,NA,0,-8
12,135938,1001,2022-07-19,0.4,0,0,3,7452.7,test,-6,HL,0,NA,comb_1,yes,-6,NA,NA,NA,NA,NA,NA,0,-6
12,135946,1001,2022-07-19,0.4,1,0,3,621.9,test,-6,HL,0,NA,comb_1,yes,-8,NA,NA,NA,NA,NA,NA,0,-6
12,135947,1001,2022-07-19,0.4,0,0,3,952.0,test,-6,HL,0,NA,comb_1,yes,-5,NA,NA,NA,NA,NA,NA,0,-5
12,135949,1001,2022-07-19,0.4,0,0,3,461.9,test,-6,HL,0,NA,comb_1,yes,-4,NA,NA,NA,NA,NA,NA,0,-4
12,135950,1001,2022-07-19,0.4,1,0,3,2171.1,test,-6,HL,0,NA,comb_1,yes,-8,NA,NA,NA,NA,NA,NA,0,-7
12,135952,1001,2022-07-19,0.4,0,0,3,574.3000000000001,test,-6,HL,0,NA,comb_1,yes,-4,NA,NA,NA,NA,NA,NA,0,-4
12,135953,1001,2022-07-19,0.4,1,0,3,937.3000000000001,test,-6,HL,0,NA,comb_1,yes,-5,NA,NA,NA,NA,NA,NA,0,-6
12,135955,1001,2022-07-19,0.4,1,0,3,1070.4,test,-6,HL,0,NA,comb_1,yes,-6,NA,NA,NA,NA,NA,NA,0,-6
12,135956,1001,2022-07-19,0.4,1,0,3,1614.6000000000001,test,-6,HL,0,NA,comb_1,yes,-5,NA,NA,NA,NA,NA,NA,0,-7
12,135958,1001,2022-07-19,0.4,1,0,3,654.2,test,-6,HL,0,NA,comb_1,yes,-8,NA,NA,NA,NA,NA,NA,0,-8
12,135959,1001,2022-07-19,0.4,0,0,3,510.0,test,-6,HL,0,NA,comb_1,yes,-5,NA,NA,NA,NA,NA,NA,0,-5
12,140000,1001,2022-07-19,0.4,1,0,3,670.2,test,-6,HL,0,NA,comb_1,yes,-6,NA,NA,NA,NA,NA,NA,0,-8
12,140002,1001,2022-07-19,0.4,1,0,3,910.1,test,-6,HL,0,NA,comb_1,yes,-7,NA,NA,NA,NA,NA,NA,0,-6
12,140003,1001,2022-07-19,0.4,0,0,3,460.4,test,-6,HL,0,NA,comb_1,yes,-5,NA,NA,NA,NA,NA,NA,0,-5
12,140004,1001,2022-07-19,0.4,0,0,3,487.20000000000005,test,-6,HL,0,NA,comb_1,yes,-4,NA,NA,NA,NA,NA,NA,0,-4
12,140005,1001,2022-07-19,0.4,1,0,3,541.9000000000001,test,-6,HL,0,NA,comb_1,yes,-7,NA,NA,NA,NA,NA,NA,0,-6
12,140006,1001,2022-07-19,0.4,1,0,3,681.5,test,-6,HL,0,NA,comb_1,yes,-4,NA,NA,NA,NA,NA,NA,0,-7
12,140037,1001,2022-07-19,NA,NA,0,3,NA,test,-6,HL,0,1,comb_1,no,NA,-6.1,-4.0,-8.0,11.0,19.0,NA,NA,NA
