trial,time,id,Date,fix_time,response,side_1_stim,side_2_stim,latency,Block,Mu,SD,head,outcome,task,gamble_trial,loss,est_mu,est_low,est_high,conf_mu,conf_range,current_task,sure_option
0,123236,,2022-07-10,0.941,6666,0,6,0.0,training,-6,LH,0,1,view,no,-2,NA,NA,NA,NA,NA,view,NA
0,123242,,2022-07-10,0.649,6666,0,6,0.0,training,-6,LH,0,0,view,no,-10,NA,NA,NA,NA,NA,view,NA
0,123248,,2022-07-10,0.892,6666,0,6,0.0,training,-6,LH,0,1,view,no,-2,NA,NA,NA,NA,NA,view,NA
0,123254,,2022-07-10,0.527,6666,0,6,0.0,training,-6,LH,0,1,view,no,-1,NA,NA,NA,NA,NA,view,NA
0,123300,,2022-07-10,0.693,6666,0,6,0.0,training,-6,LH,0,1,view,no,-3,NA,NA,NA,NA,NA,view,NA
0,123306,,2022-07-10,0.676,6666,0,6,0.0,training,-6,LH,0,0,view,no,-11,NA,NA,NA,NA,NA,view,NA
0,123311,,2022-07-10,0.679,6666,0,6,0.0,training,-6,LH,0,0,view,no,-11,NA,NA,NA,NA,NA,view,NA
0,123317,,2022-07-10,0.875,6666,0,6,0.0,training,-6,LH,0,1,view,no,-3,NA,NA,NA,NA,NA,view,NA
0,123323,,2022-07-10,0.931,6666,0,6,0.0,training,-6,LH,0,0,view,no,-10,NA,NA,NA,NA,NA,view,NA
0,123329,,2022-07-10,0.889,6666,0,6,0.0,training,-6,LH,0,1,view,no,-1,NA,NA,NA,NA,NA,view,NA
0,123335,,2022-07-10,0.735,6666,0,6,0.0,training,-6,LH,0,0,view,no,-9,NA,NA,NA,NA,NA,view,NA
0,123341,,2022-07-10,0.626,6666,0,6,0.0,training,-6,LH,0,0,view,no,-9,NA,NA,NA,NA,NA,view,NA
0,123347,,2022-07-10,0.4,1,0,6,50.2,training,-6,LH,0,NA,view,yes,-2,NA,NA,NA,NA,NA,NA,-9
0,123347,,2022-07-10,0.4,1,0,6,50.2,training,-6,LH,0,NA,view,yes,-1,NA,NA,NA,NA,NA,NA,-3
0,123348,,2022-07-10,0.4,1,0,6,50.2,training,-6,LH,0,NA,view,yes,-3,NA,NA,NA,NA,NA,NA,-2
0,123348,,2022-07-10,0.4,1,0,6,50.2,training,-6,LH,0,NA,view,yes,-9,NA,NA,NA,NA,NA,NA,-11
0,123349,,2022-07-10,0.4,1,0,6,50.2,training,-6,LH,0,NA,view,yes,-2,NA,NA,NA,NA,NA,NA,-10
0,123349,,2022-07-10,0.4,1,0,6,50.2,training,-6,LH,0,NA,view,yes,-9,NA,NA,NA,NA,NA,NA,-1
0,123350,,2022-07-10,0.4,1,0,6,50.2,training,-6,LH,0,NA,view,yes,-2,NA,NA,NA,NA,NA,NA,-1
0,123350,,2022-07-10,0.4,1,0,6,50.2,training,-6,LH,0,NA,view,yes,-2,NA,NA,NA,NA,NA,NA,-11
0,123351,,2022-07-10,0.4,1,0,6,50.2,training,-6,LH,0,NA,view,yes,-1,NA,NA,NA,NA,NA,NA,-2
0,123351,,2022-07-10,0.4,1,0,6,50.2,training,-6,LH,0,NA,view,yes,-2,NA,NA,NA,NA,NA,NA,-9
0,123352,,2022-07-10,0.4,1,0,6,50.2,training,-6,LH,0,NA,view,yes,-2,NA,NA,NA,NA,NA,NA,-10
0,123352,,2022-07-10,0.4,1,0,6,50.2,training,-6,LH,0,NA,view,yes,-10,NA,NA,NA,NA,NA,NA,-3
0,123353,,2022-07-10,0.4,1,0,6,50.2,training,-6,LH,0,NA,view,yes,-3,NA,NA,NA,NA,NA,NA,-9
0,123354,,2022-07-10,0.4,1,0,6,50.2,training,-6,LH,0,NA,view,yes,-2,NA,NA,NA,NA,NA,NA,-2
0,123354,,2022-07-10,0.4,1,0,6,50.2,training,-6,LH,0,NA,view,yes,-10,NA,NA,NA,NA,NA,NA,-11
0,123355,,2022-07-10,0.4,1,0,6,50.2,training,-6,LH,0,NA,view,yes,-10,NA,NA,NA,NA,NA,NA,-3
0,123355,,2022-07-10,0.4,1,0,6,50.2,training,-6,LH,0,NA,view,yes,-11,NA,NA,NA,NA,NA,NA,-1
0,123356,,2022-07-10,0.4,1,0,6,50.2,training,-6,LH,0,NA,view,yes,-10,NA,NA,NA,NA,NA,NA,-10
0,123356,,2022-07-10,0.4,1,0,6,50.2,training,-6,LH,0,NA,view,yes,-2,NA,NA,NA,NA,NA,NA,-10
0,123357,,2022-07-10,0.4,1,0,6,50.2,training,-6,LH,0,NA,view,yes,-11,NA,NA,NA,NA,NA,NA,-2
0,123357,,2022-07-10,0.4,1,0,6,50.2,training,-6,LH,0,NA,view,yes,-2,NA,NA,NA,NA,NA,NA,-1
0,123358,,2022-07-10,0.4,1,0,6,50.2,training,-6,LH,0,NA,view,yes,-9,NA,NA,NA,NA,NA,NA,-3
0,123358,,2022-07-10,0.4,1,0,6,50.2,training,-6,LH,0,NA,view,yes,-2,NA,NA,NA,NA,NA,NA,-9
0,123359,,2022-07-10,0.4,1,0,6,50.2,training,-6,LH,0,NA,view,yes,-3,NA,NA,NA,NA,NA,NA,-11
0,123359,,2022-07-10,0.4,1,0,6,50.2,training,-6,LH,0,NA,view,yes,-1,NA,NA,NA,NA,NA,NA,-3
0,123400,,2022-07-10,0.4,1,0,6,50.2,training,-6,LH,0,NA,view,yes,-2,NA,NA,NA,NA,NA,NA,-9
0,123400,,2022-07-10,0.4,1,0,6,50.2,training,-6,LH,0,NA,view,yes,-9,NA,NA,NA,NA,NA,NA,-11
0,123401,,2022-07-10,0.4,1,0,6,50.2,training,-6,LH,0,NA,view,yes,-1,NA,NA,NA,NA,NA,NA,-10
0,123401,,2022-07-10,0.4,1,0,6,50.2,training,-6,LH,0,NA,view,yes,-9,NA,NA,NA,NA,NA,NA,-1
0,123402,,2022-07-10,0.4,1,0,6,50.2,training,-6,LH,0,NA,view,yes,-11,NA,NA,NA,NA,NA,NA,-2
0,123408,,2022-07-10,NA,NA,0,6,NA,training,-6,LH,0,0,view,no,NA,-5.7,-0.9,-11.6,17.7,17.0,NA,NA
1,123409,,2022-07-10,0.958,6666,3,7,0.0,training,-6,HL,0,0,img,no,-11,NA,NA,NA,NA,NA,img,NA
1,123415,,2022-07-10,0.521,6666,3,7,0.0,training,-6,HL,0,1,img,no,-3,NA,NA,NA,NA,NA,img,NA
1,123420,,2022-07-10,0.901,6666,3,7,0.0,training,-6,HL,0,0,img,no,-9,NA,NA,NA,NA,NA,img,NA
1,123426,,2022-07-10,0.84,6666,3,7,0.0,training,-6,HL,0,1,img,no,-3,NA,NA,NA,NA,NA,img,NA
1,123431,,2022-07-10,0.76,6666,3,7,0.0,training,-6,HL,0,1,img,no,-1,NA,NA,NA,NA,NA,img,NA
1,123437,,2022-07-10,0.892,6666,3,7,0.0,training,-6,HL,0,1,img,no,-1,NA,NA,NA,NA,NA,img,NA
1,123442,,2022-07-10,0.831,6666,3,7,0.0,training,-6,HL,0,1,img,no,-2,NA,NA,NA,NA,NA,img,NA
1,123448,,2022-07-10,0.876,6666,3,7,0.0,training,-6,HL,0,0,img,no,-9,NA,NA,NA,NA,NA,img,NA
1,123454,,2022-07-10,0.578,6666,3,7,0.0,training,-6,HL,0,0,img,no,-10,NA,NA,NA,NA,NA,img,NA
1,123459,,2022-07-10,0.686,6666,3,7,0.0,training,-6,HL,0,0,img,no,-11,NA,NA,NA,NA,NA,img,NA
1,123504,,2022-07-10,0.964,6666,3,7,0.0,training,-6,HL,0,1,img,no,-2,NA,NA,NA,NA,NA,img,NA
1,123510,,2022-07-10,0.765,6666,3,7,0.0,training,-6,HL,0,0,img,no,-10,NA,NA,NA,NA,NA,img,NA
1,123516,,2022-07-10,0.4,1,3,7,50.2,training,-6,HL,0,NA,img,yes,-1,NA,NA,NA,NA,NA,NA,-3
1,123517,,2022-07-10,0.4,1,3,7,50.2,training,-6,HL,0,NA,img,yes,-3,NA,NA,NA,NA,NA,NA,-2
1,123517,,2022-07-10,0.4,1,3,7,50.2,training,-6,HL,0,NA,img,yes,-10,NA,NA,NA,NA,NA,NA,-9
1,123518,,2022-07-10,0.4,1,3,7,50.2,training,-6,HL,0,NA,img,yes,-2,NA,NA,NA,NA,NA,NA,-10
1,123518,,2022-07-10,0.4,1,3,7,50.2,training,-6,HL,0,NA,img,yes,-9,NA,NA,NA,NA,NA,NA,-11
1,123519,,2022-07-10,0.4,1,3,7,50.2,training,-6,HL,0,NA,img,yes,-1,NA,NA,NA,NA,NA,NA,-1
1,123519,,2022-07-10,0.4,1,3,7,50.2,training,-6,HL,0,NA,img,yes,-11,NA,NA,NA,NA,NA,NA,-11
1,123520,,2022-07-10,0.4,1,3,7,50.2,training,-6,HL,0,NA,img,yes,-10,NA,NA,NA,NA,NA,NA,-9
1,123520,,2022-07-10,0.4,1,3,7,50.2,training,-6,HL,0,NA,img,yes,-9,NA,NA,NA,NA,NA,NA,-10
1,123521,,2022-07-10,0.4,1,3,7,50.2,training,-6,HL,0,NA,img,yes,-10,NA,NA,NA,NA,NA,NA,-2
1,123521,,2022-07-10,0.4,1,3,7,50.2,training,-6,HL,0,NA,img,yes,-9,NA,NA,NA,NA,NA,NA,-3
1,123522,,2022-07-10,0.4,1,3,7,50.1,training,-6,HL,0,NA,img,yes,-1,NA,NA,NA,NA,NA,NA,-1
1,123522,,2022-07-10,0.4,1,3,7,50.2,training,-6,HL,0,NA,img,yes,-3,NA,NA,NA,NA,NA,NA,-11
1,123523,,2022-07-10,0.4,1,3,7,50.2,training,-6,HL,0,NA,img,yes,-9,NA,NA,NA,NA,NA,NA,-2
1,123523,,2022-07-10,0.4,1,3,7,50.2,training,-6,HL,0,NA,img,yes,-2,NA,NA,NA,NA,NA,NA,-3
1,123524,,2022-07-10,0.4,1,3,7,50.2,training,-6,HL,0,NA,img,yes,-3,NA,NA,NA,NA,NA,NA,-10
1,123525,,2022-07-10,0.4,1,3,7,50.2,training,-6,HL,0,NA,img,yes,-2,NA,NA,NA,NA,NA,NA,-1
1,123525,,2022-07-10,0.4,1,3,7,50.2,training,-6,HL,0,NA,img,yes,-11,NA,NA,NA,NA,NA,NA,-9
1,123526,,2022-07-10,0.4,1,3,7,50.2,training,-6,HL,0,NA,img,yes,-3,NA,NA,NA,NA,NA,NA,-11
1,123526,,2022-07-10,0.4,1,3,7,50.2,training,-6,HL,0,NA,img,yes,-1,NA,NA,NA,NA,NA,NA,-10
1,123527,,2022-07-10,0.4,1,3,7,50.2,training,-6,HL,0,NA,img,yes,-2,NA,NA,NA,NA,NA,NA,-3
1,123527,,2022-07-10,0.4,1,3,7,50.2,training,-6,HL,0,NA,img,yes,-1,NA,NA,NA,NA,NA,NA,-9
1,123528,,2022-07-10,0.4,1,3,7,50.2,training,-6,HL,0,NA,img,yes,-11,NA,NA,NA,NA,NA,NA,-1
1,123528,,2022-07-10,0.4,1,3,7,50.2,training,-6,HL,0,NA,img,yes,-9,NA,NA,NA,NA,NA,NA,-2
1,123529,,2022-07-10,0.4,1,3,7,50.2,training,-6,HL,0,NA,img,yes,-1,NA,NA,NA,NA,NA,NA,-2
1,123529,,2022-07-10,0.4,1,3,7,50.2,training,-6,HL,0,NA,img,yes,-9,NA,NA,NA,NA,NA,NA,-11
1,123530,,2022-07-10,0.4,1,3,7,50.2,training,-6,HL,0,NA,img,yes,-11,NA,NA,NA,NA,NA,NA,-1
1,123530,,2022-07-10,0.4,1,3,7,50.2,training,-6,HL,0,NA,img,yes,-10,NA,NA,NA,NA,NA,NA,-10
1,123531,,2022-07-10,0.4,1,3,7,50.2,training,-6,HL,0,NA,img,yes,-2,NA,NA,NA,NA,NA,NA,-3
1,123531,,2022-07-10,0.4,1,3,7,50.2,training,-6,HL,0,NA,img,yes,-3,NA,NA,NA,NA,NA,NA,-9
1,123547,,2022-07-10,NA,NA,3,7,NA,training,-6,HL,0,0,img,no,NA,-5.8,-1.9,-2.6,18.8,18.1,NA,NA
2,123552,,2022-07-10,0.78,6666,1,4,0.0,training,-10,LH,0,0,comb,no,-13,NA,NA,NA,NA,NA,view,NA
2,123558,,2022-07-10,0.54,6666,1,4,0.0,training,-10,LH,0,1,comb,no,-5,NA,NA,NA,NA,NA,view,NA
2,123603,,2022-07-10,0.788,6666,1,4,0.0,training,-10,LH,0,1,comb,no,-6,NA,NA,NA,NA,NA,view,NA
2,123609,,2022-07-10,0.947,6666,1,4,0.0,training,-10,LH,0,0,comb,no,-14,NA,NA,NA,NA,NA,view,NA
2,123615,,2022-07-10,0.708,6666,1,4,0.0,training,-10,LH,0,1,comb,no,-7,NA,NA,NA,NA,NA,view,NA
2,123620,,2022-07-10,0.595,6666,1,4,0.0,training,-10,LH,0,0,comb,no,-15,NA,NA,NA,NA,NA,view,NA
2,123626,,2022-07-10,0.992,6666,1,4,0.0,training,-10,LH,0,1,comb,no,-5,NA,NA,NA,NA,NA,view,NA
2,123632,,2022-07-10,0.758,6666,1,4,0.0,training,-10,LH,0,1,comb,no,-13,NA,NA,NA,NA,NA,view,NA
2,123638,,2022-07-10,0.511,6666,1,4,0.0,training,-10,LH,0,0,comb,no,-14,NA,NA,NA,NA,NA,view,NA
2,123643,,2022-07-10,0.921,6666,1,4,0.0,training,-10,LH,0,1,comb,no,-6,NA,NA,NA,NA,NA,view,NA
2,123649,,2022-07-10,0.715,6666,1,4,0.0,training,-10,LH,0,0,comb,no,-15,NA,NA,NA,NA,NA,view,NA
2,123655,,2022-07-10,0.835,6666,1,4,0.0,training,-10,LH,0,0,comb,no,-7,NA,NA,NA,NA,NA,view,NA
2,123700,,2022-07-10,0.653,6666,1,4,0.0,training,-10,LH,0,1,comb,no,-8,NA,NA,NA,NA,NA,img,NA
2,123706,,2022-07-10,0.787,6666,1,4,0.0,training,-10,LH,0,1,comb,no,-9,NA,NA,NA,NA,NA,img,NA
2,123712,,2022-07-10,0.654,6666,1,4,0.0,training,-10,LH,0,0,comb,no,-12,NA,NA,NA,NA,NA,img,NA
2,123717,,2022-07-10,0.539,6666,1,4,0.0,training,-10,LH,0,0,comb,no,-12,NA,NA,NA,NA,NA,img,NA
2,123723,,2022-07-10,0.542,6666,1,4,0.0,training,-10,LH,0,1,comb,no,-10,NA,NA,NA,NA,NA,img,NA
2,123728,,2022-07-10,0.942,6666,1,4,0.0,training,-10,LH,0,0,comb,no,-11,NA,NA,NA,NA,NA,img,NA
2,123734,,2022-07-10,0.778,6666,1,4,0.0,training,-10,LH,0,0,comb,no,-12,NA,NA,NA,NA,NA,img,NA
2,123740,,2022-07-10,0.959,6666,1,4,0.0,training,-10,LH,0,1,comb,no,-9,NA,NA,NA,NA,NA,img,NA
2,123746,,2022-07-10,0.511,6666,1,4,0.0,training,-10,LH,0,0,comb,no,-10,NA,NA,NA,NA,NA,img,NA
2,123751,,2022-07-10,0.711,6666,1,4,0.0,training,-10,LH,0,0,comb,no,-11,NA,NA,NA,NA,NA,img,NA
2,123757,,2022-07-10,0.886,6666,1,4,0.0,training,-10,LH,0,1,comb,no,-12,NA,NA,NA,NA,NA,img,NA
2,123803,,2022-07-10,0.875,6666,1,4,0.0,training,-10,LH,0,1,comb,no,-8,NA,NA,NA,NA,NA,img,NA
2,123809,,2022-07-10,0.4,1,1,4,50.2,training,-10,LH,0,NA,comb,yes,-6,NA,NA,NA,NA,NA,NA,-14
2,123810,,2022-07-10,0.4,1,1,4,50.2,training,-10,LH,0,NA,comb,yes,-14,NA,NA,NA,NA,NA,NA,-13
2,123810,,2022-07-10,0.4,1,1,4,50.2,training,-10,LH,0,NA,comb,yes,-14,NA,NA,NA,NA,NA,NA,-5
2,123811,,2022-07-10,0.4,1,1,4,50.2,training,-10,LH,0,NA,comb,yes,-5,NA,NA,NA,NA,NA,NA,-6
2,123811,,2022-07-10,0.4,1,1,4,50.2,training,-10,LH,0,NA,comb,yes,-7,NA,NA,NA,NA,NA,NA,-7
2,123812,,2022-07-10,0.4,1,1,4,50.2,training,-10,LH,0,NA,comb,yes,-5,NA,NA,NA,NA,NA,NA,-15
2,123812,,2022-07-10,0.4,1,1,4,50.2,training,-10,LH,0,NA,comb,yes,-5,NA,NA,NA,NA,NA,NA,-7
2,123813,,2022-07-10,0.4,1,1,4,50.2,training,-10,LH,0,NA,comb,yes,-14,NA,NA,NA,NA,NA,NA,-5
2,123813,,2022-07-10,0.4,1,1,4,50.2,training,-10,LH,0,NA,comb,yes,-13,NA,NA,NA,NA,NA,NA,-14
2,123814,,2022-07-10,0.4,1,1,4,50.2,training,-10,LH,0,NA,comb,yes,-15,NA,NA,NA,NA,NA,NA,-6
2,123814,,2022-07-10,0.4,1,1,4,50.2,training,-10,LH,0,NA,comb,yes,-6,NA,NA,NA,NA,NA,NA,-15
2,123815,,2022-07-10,0.4,1,1,4,50.2,training,-10,LH,0,NA,comb,yes,-13,NA,NA,NA,NA,NA,NA,-13
2,123815,,2022-07-10,0.4,1,1,4,50.2,training,-10,LH,0,NA,comb,yes,-14,NA,NA,NA,NA,NA,NA,-6
2,123816,,2022-07-10,0.4,1,1,4,50.2,training,-10,LH,0,NA,comb,yes,-15,NA,NA,NA,NA,NA,NA,-13
2,123816,,2022-07-10,0.4,1,1,4,50.2,training,-10,LH,0,NA,comb,yes,-5,NA,NA,NA,NA,NA,NA,-14
2,123817,,2022-07-10,0.4,1,1,4,50.2,training,-10,LH,0,NA,comb,yes,-14,NA,NA,NA,NA,NA,NA,-15
2,123817,,2022-07-10,0.4,1,1,4,50.2,training,-10,LH,0,NA,comb,yes,-15,NA,NA,NA,NA,NA,NA,-5
2,123818,,2022-07-10,0.4,1,1,4,50.2,training,-10,LH,0,NA,comb,yes,-13,NA,NA,NA,NA,NA,NA,-7
2,123818,,2022-07-10,0.4,1,1,4,50.2,training,-10,LH,0,NA,comb,yes,-15,NA,NA,NA,NA,NA,NA,-15
2,123819,,2022-07-10,0.4,1,1,4,50.2,training,-10,LH,0,NA,comb,yes,-13,NA,NA,NA,NA,NA,NA,-7
2,123820,,2022-07-10,0.4,1,1,4,50.2,training,-10,LH,0,NA,comb,yes,-14,NA,NA,NA,NA,NA,NA,-5
2,123820,,2022-07-10,0.4,1,1,4,50.2,training,-10,LH,0,NA,comb,yes,-13,NA,NA,NA,NA,NA,NA,-14
2,123821,,2022-07-10,0.4,1,1,4,50.2,training,-10,LH,0,NA,comb,yes,-5,NA,NA,NA,NA,NA,NA,-6
2,123821,,2022-07-10,0.4,1,1,4,50.2,training,-10,LH,0,NA,comb,yes,-5,NA,NA,NA,NA,NA,NA,-13
2,123822,,2022-07-10,0.4,1,1,4,50.2,training,-10,LH,0,NA,comb,yes,-6,NA,NA,NA,NA,NA,NA,-14
2,123822,,2022-07-10,0.4,1,1,4,50.2,training,-10,LH,0,NA,comb,yes,-6,NA,NA,NA,NA,NA,NA,-7
2,123823,,2022-07-10,0.4,1,1,4,50.2,training,-10,LH,0,NA,comb,yes,-15,NA,NA,NA,NA,NA,NA,-6
2,123823,,2022-07-10,0.4,1,1,4,50.1,training,-10,LH,0,NA,comb,yes,-14,NA,NA,NA,NA,NA,NA,-5
2,123824,,2022-07-10,0.4,1,1,4,50.2,training,-10,LH,0,NA,comb,yes,-7,NA,NA,NA,NA,NA,NA,-15
2,123824,,2022-07-10,0.4,1,1,4,50.2,training,-10,LH,0,NA,comb,yes,-7,NA,NA,NA,NA,NA,NA,-13
2,123829,,2022-07-10,NA,NA,1,4,NA,training,-10,LH,0,1,comb,no,NA,-6.6,-0.5,-12.9,16.5,19.0,NA,NA
3,123830,,2022-07-10,0.635,6666,0,1,0.0,training,-10,HL,0,0,comb,no,-12,NA,NA,NA,NA,NA,view,NA
3,123835,,2022-07-10,0.546,6666,0,1,0.0,training,-10,HL,0,1,comb,no,-9,NA,NA,NA,NA,NA,view,NA
3,123841,,2022-07-10,0.512,6666,0,1,0.0,training,-10,HL,0,0,comb,no,-11,NA,NA,NA,NA,NA,view,NA
3,123846,,2022-07-10,0.752,6666,0,1,0.0,training,-10,HL,0,0,comb,no,-10,NA,NA,NA,NA,NA,view,NA
3,123852,,2022-07-10,0.864,6666,0,1,0.0,training,-10,HL,0,1,comb,no,-8,NA,NA,NA,NA,NA,view,NA
3,123858,,2022-07-10,0.941,6666,0,1,0.0,training,-10,HL,0,1,comb,no,-10,NA,NA,NA,NA,NA,view,NA
3,123903,,2022-07-10,0.706,6666,0,1,0.0,training,-10,HL,0,1,comb,no,-9,NA,NA,NA,NA,NA,view,NA
3,123909,,2022-07-10,0.595,6666,0,1,0.0,training,-10,HL,0,1,comb,no,-12,NA,NA,NA,NA,NA,view,NA
3,123915,,2022-07-10,0.798,6666,0,1,0.0,training,-10,HL,0,0,comb,no,-10,NA,NA,NA,NA,NA,view,NA
3,123920,,2022-07-10,0.673,6666,0,1,0.0,training,-10,HL,0,0,comb,no,-10,NA,NA,NA,NA,NA,view,NA
3,123926,,2022-07-10,0.8,6666,0,1,0.0,training,-10,HL,0,1,comb,no,-11,NA,NA,NA,NA,NA,view,NA
3,123932,,2022-07-10,0.59,6666,0,1,0.0,training,-10,HL,0,0,comb,no,-8,NA,NA,NA,NA,NA,view,NA
3,123937,,2022-07-10,0.517,6666,0,1,0.0,training,-10,HL,0,0,comb,no,-14,NA,NA,NA,NA,NA,img,NA
3,123943,,2022-07-10,0.679,6666,0,1,0.0,training,-10,HL,0,0,comb,no,-15,NA,NA,NA,NA,NA,img,NA
3,123948,,2022-07-10,0.547,6666,0,1,0.0,training,-10,HL,0,1,comb,no,-5,NA,NA,NA,NA,NA,img,NA
3,123954,,2022-07-10,0.689,6666,0,1,0.0,training,-10,HL,0,1,comb,no,-6,NA,NA,NA,NA,NA,img,NA
3,124000,,2022-07-10,0.73,6666,0,1,0.0,training,-10,HL,0,0,comb,no,-15,NA,NA,NA,NA,NA,img,NA
3,124005,,2022-07-10,0.849,6666,0,1,0.0,training,-10,HL,0,1,comb,no,-7,NA,NA,NA,NA,NA,img,NA
3,124011,,2022-07-10,0.724,6666,0,1,0.0,training,-10,HL,0,0,comb,no,-6,NA,NA,NA,NA,NA,img,NA
3,124017,,2022-07-10,0.922,6666,0,1,0.0,training,-10,HL,0,1,comb,no,-15,NA,NA,NA,NA,NA,img,NA
3,124023,,2022-07-10,0.992,6666,0,1,0.0,training,-10,HL,0,0,comb,no,-15,NA,NA,NA,NA,NA,img,NA
3,124029,,2022-07-10,0.844,6666,0,1,0.0,training,-10,HL,0,0,comb,no,-7,NA,NA,NA,NA,NA,img,NA
3,124035,,2022-07-10,0.839,6666,0,1,0.0,training,-10,HL,0,1,comb,no,-5,NA,NA,NA,NA,NA,img,NA
3,124040,,2022-07-10,0.626,6666,0,1,0.0,training,-10,HL,0,1,comb,no,-14,NA,NA,NA,NA,NA,img,NA
3,124046,,2022-07-10,0.4,1,0,1,50.2,training,-10,HL,0,NA,comb,yes,-12,NA,NA,NA,NA,NA,NA,-8
3,124047,,2022-07-10,0.4,1,0,1,50.2,training,-10,HL,0,NA,comb,yes,-10,NA,NA,NA,NA,NA,NA,-10
3,124047,,2022-07-10,0.4,1,0,1,50.2,training,-10,HL,0,NA,comb,yes,-9,NA,NA,NA,NA,NA,NA,-10
3,124048,,2022-07-10,0.4,1,0,1,50.2,training,-10,HL,0,NA,comb,yes,-10,NA,NA,NA,NA,NA,NA,-9
3,124048,,2022-07-10,0.4,1,0,1,50.2,training,-10,HL,0,NA,comb,yes,-15,NA,NA,NA,NA,NA,NA,-12
3,124049,,2022-07-10,0.4,1,0,1,50.2,training,-10,HL,0,NA,comb,yes,-15,NA,NA,NA,NA,NA,NA,-11
3,124049,,2022-07-10,0.4,1,0,1,50.2,training,-10,HL,0,NA,comb,yes,-8,NA,NA,NA,NA,NA,NA,-10
3,124050,,2022-07-10,0.4,1,0,1,50.2,training,-10,HL,0,NA,comb,yes,-8,NA,NA,NA,NA,NA,NA,-12
3,124051,,2022-07-10,0.4,1,0,1,50.2,training,-10,HL,0,NA,comb,yes,-10,NA,NA,NA,NA,NA,NA,-9
3,124051,,2022-07-10,0.4,1,0,1,50.2,training,-10,HL,0,NA,comb,yes,-7,NA,NA,NA,NA,NA,NA,-10
3,124052,,2022-07-10,0.4,1,0,1,50.2,training,-10,HL,0,NA,comb,yes,-14,NA,NA,NA,NA,NA,NA,-8
3,124052,,2022-07-10,0.4,1,0,1,50.2,training,-10,HL,0,NA,comb,yes,-11,NA,NA,NA,NA,NA,NA,-11
3,124053,,2022-07-10,0.4,1,0,1,50.2,training,-10,HL,0,NA,comb,yes,-5,NA,NA,NA,NA,NA,NA,-8
3,124053,,2022-07-10,0.4,1,0,1,50.2,training,-10,HL,0,NA,comb,yes,-11,NA,NA,NA,NA,NA,NA,-10
3,124054,,2022-07-10,0.4,1,0,1,50.2,training,-10,HL,0,NA,comb,yes,-15,NA,NA,NA,NA,NA,NA,-12
3,124054,,2022-07-10,0.4,1,0,1,50.2,training,-10,HL,0,NA,comb,yes,-10,NA,NA,NA,NA,NA,NA,-10
3,124055,,2022-07-10,0.4,1,0,1,50.2,training,-10,HL,0,NA,comb,yes,-10,NA,NA,NA,NA,NA,NA,-11
3,124055,,2022-07-10,0.4,1,0,1,50.2,training,-10,HL,0,NA,comb,yes,-10,NA,NA,NA,NA,NA,NA,-9
3,124056,,2022-07-10,0.4,1,0,1,50.2,training,-10,HL,0,NA,comb,yes,-8,NA,NA,NA,NA,NA,NA,-9
3,124056,,2022-07-10,0.4,1,0,1,50.2,training,-10,HL,0,NA,comb,yes,-11,NA,NA,NA,NA,NA,NA,-10
3,124057,,2022-07-10,0.4,1,0,1,50.2,training,-10,HL,0,NA,comb,yes,-8,NA,NA,NA,NA,NA,NA,-12
3,124057,,2022-07-10,0.4,1,0,1,50.2,training,-10,HL,0,NA,comb,yes,-12,NA,NA,NA,NA,NA,NA,-8
3,124058,,2022-07-10,0.4,1,0,1,50.2,training,-10,HL,0,NA,comb,yes,-7,NA,NA,NA,NA,NA,NA,-11
3,124058,,2022-07-10,0.4,1,0,1,50.2,training,-10,HL,0,NA,comb,yes,-7,NA,NA,NA,NA,NA,NA,-10
3,124059,,2022-07-10,0.4,1,0,1,50.2,training,-10,HL,0,NA,comb,yes,-7,NA,NA,NA,NA,NA,NA,-12
3,124059,,2022-07-10,0.4,1,0,1,50.2,training,-10,HL,0,NA,comb,yes,-6,NA,NA,NA,NA,NA,NA,-10
3,124100,,2022-07-10,0.4,1,0,1,50.2,training,-10,HL,0,NA,comb,yes,-15,NA,NA,NA,NA,NA,NA,-10
3,124100,,2022-07-10,0.4,1,0,1,50.2,training,-10,HL,0,NA,comb,yes,-6,NA,NA,NA,NA,NA,NA,-8
3,124101,,2022-07-10,0.4,1,0,1,50.2,training,-10,HL,0,NA,comb,yes,-9,NA,NA,NA,NA,NA,NA,-9
3,124101,,2022-07-10,0.4,1,0,1,50.2,training,-10,HL,0,NA,comb,yes,-10,NA,NA,NA,NA,NA,NA,-11
3,124106,,2022-07-10,NA,NA,0,1,NA,training,-10,HL,0,1,comb,no,NA,-10.5,-2.5,-11.4,18.4,17.4,NA,NA
4,124106,,2022-07-10,0.916,6666,0,7,0.0,test,-8,HL,0,0,comb_1,no,-10,NA,NA,NA,NA,NA,view,NA
4,124112,,2022-07-10,0.954,6666,0,7,0.0,test,-8,HL,0,0,comb_1,no,-8,NA,NA,NA,NA,NA,view,NA
4,124118,,2022-07-10,0.707,6666,0,7,0.0,test,-8,HL,0,1,comb_1,no,-6,NA,NA,NA,NA,NA,view,NA
4,124123,,2022-07-10,0.517,6666,0,7,0.0,test,-8,HL,0,1,comb_1,no,-7,NA,NA,NA,NA,NA,view,NA
4,124129,,2022-07-10,0.977,6666,0,7,0.0,test,-8,HL,0,0,comb_1,no,-9,NA,NA,NA,NA,NA,view,NA
4,124135,,2022-07-10,0.774,6666,0,7,0.0,test,-8,HL,0,1,comb_1,no,-8,NA,NA,NA,NA,NA,view,NA
4,124140,,2022-07-10,0.683,6666,0,7,0.0,test,-8,HL,0,1,comb_1,no,-8,NA,NA,NA,NA,NA,view,NA
4,124146,,2022-07-10,0.718,6666,0,7,0.0,test,-8,HL,0,0,comb_1,no,-8,NA,NA,NA,NA,NA,view,NA
4,124152,,2022-07-10,0.504,6666,0,7,0.0,test,-8,HL,0,0,comb_1,no,-9,NA,NA,NA,NA,NA,view,NA
4,124157,,2022-07-10,0.869,6666,0,7,0.0,test,-8,HL,0,1,comb_1,no,-10,NA,NA,NA,NA,NA,view,NA
4,124203,,2022-07-10,0.872,6666,0,7,0.0,test,-8,HL,0,1,comb_1,no,-6,NA,NA,NA,NA,NA,view,NA
4,124209,,2022-07-10,0.72,6666,0,7,0.0,test,-8,HL,0,0,comb_1,no,-7,NA,NA,NA,NA,NA,view,NA
4,124214,,2022-07-10,0.96,6666,0,7,0.0,test,-8,HL,0,0,comb_1,no,-13,NA,NA,NA,NA,NA,img,NA
4,124220,,2022-07-10,0.629,6666,0,7,0.0,test,-8,HL,0,1,comb_1,no,-5,NA,NA,NA,NA,NA,img,NA
4,124226,,2022-07-10,0.979,6666,0,7,0.0,test,-8,HL,0,0,comb_1,no,-12,NA,NA,NA,NA,NA,img,NA
4,124232,,2022-07-10,0.832,6666,0,7,0.0,test,-8,HL,0,0,comb_1,no,-13,NA,NA,NA,NA,NA,img,NA
4,124238,,2022-07-10,0.5,6666,0,7,0.0,test,-8,HL,0,1,comb_1,no,-4,NA,NA,NA,NA,NA,img,NA
4,124243,,2022-07-10,0.916,6666,0,7,0.0,test,-8,HL,0,1,comb_1,no,-3,NA,NA,NA,NA,NA,img,NA
4,124249,,2022-07-10,0.803,6666,0,7,0.0,test,-8,HL,0,0,comb_1,no,-4,NA,NA,NA,NA,NA,img,NA
4,124255,,2022-07-10,0.983,6666,0,7,0.0,test,-8,HL,0,1,comb_1,no,-12,NA,NA,NA,NA,NA,img,NA
4,124301,,2022-07-10,0.615,6666,0,7,0.0,test,-8,HL,0,0,comb_1,no,-3,NA,NA,NA,NA,NA,img,NA
4,124306,,2022-07-10,0.895,6666,0,7,0.0,test,-8,HL,0,0,comb_1,no,-13,NA,NA,NA,NA,NA,img,NA
4,124312,,2022-07-10,0.538,6666,0,7,0.0,test,-8,HL,0,1,comb_1,no,-13,NA,NA,NA,NA,NA,img,NA
4,124318,,2022-07-10,0.544,6666,0,7,0.0,test,-8,HL,0,1,comb_1,no,-5,NA,NA,NA,NA,NA,img,NA
4,124324,,2022-07-10,0.4,1,0,7,50.2,test,-8,HL,0,NA,comb_1,yes,-8,NA,NA,NA,NA,NA,NA,-9
4,124324,,2022-07-10,0.4,1,0,7,50.2,test,-8,HL,0,NA,comb_1,yes,-8,NA,NA,NA,NA,NA,NA,-8
4,124325,,2022-07-10,0.4,1,0,7,50.2,test,-8,HL,0,NA,comb_1,yes,-7,NA,NA,NA,NA,NA,NA,-8
4,124325,,2022-07-10,0.4,1,0,7,50.2,test,-8,HL,0,NA,comb_1,yes,-8,NA,NA,NA,NA,NA,NA,-6
4,124326,,2022-07-10,0.4,1,0,7,50.2,test,-8,HL,0,NA,comb_1,yes,-7,NA,NA,NA,NA,NA,NA,-7
4,124326,,2022-07-10,0.4,1,0,7,50.2,test,-8,HL,0,NA,comb_1,yes,-6,NA,NA,NA,NA,NA,NA,-10
4,124327,,2022-07-10,0.4,1,0,7,50.2,test,-8,HL,0,NA,comb_1,yes,-10,NA,NA,NA,NA,NA,NA,-10
4,124327,,2022-07-10,0.4,1,0,7,50.2,test,-8,HL,0,NA,comb_1,yes,-9,NA,NA,NA,NA,NA,NA,-7
4,124328,,2022-07-10,0.4,1,0,7,50.2,test,-8,HL,0,NA,comb_1,yes,-10,NA,NA,NA,NA,NA,NA,-8
4,124328,,2022-07-10,0.4,1,0,7,50.2,test,-8,HL,0,NA,comb_1,yes,-9,NA,NA,NA,NA,NA,NA,-6
4,124329,,2022-07-10,0.4,1,0,7,50.2,test,-8,HL,0,NA,comb_1,yes,-10,NA,NA,NA,NA,NA,NA,-9
4,124329,,2022-07-10,0.4,1,0,7,50.2,test,-8,HL,0,NA,comb_1,yes,-8,NA,NA,NA,NA,NA,NA,-8
4,124330,,2022-07-10,0.4,1,0,7,50.2,test,-8,HL,0,NA,comb_1,yes,-9,NA,NA,NA,NA,NA,NA,-9
4,124330,,2022-07-10,0.4,1,0,7,50.2,test,-8,HL,0,NA,comb_1,yes,-9,NA,NA,NA,NA,NA,NA,-10
4,124331,,2022-07-10,0.4,1,0,7,50.2,test,-8,HL,0,NA,comb_1,yes,-9,NA,NA,NA,NA,NA,NA,-8
4,124331,,2022-07-10,0.4,1,0,7,50.2,test,-8,HL,0,NA,comb_1,yes,-8,NA,NA,NA,NA,NA,NA,-7
4,124332,,2022-07-10,0.4,1,0,7,50.2,test,-8,HL,0,NA,comb_1,yes,-9,NA,NA,NA,NA,NA,NA,-8
4,124332,,2022-07-10,0.4,1,0,7,50.2,test,-8,HL,0,NA,comb_1,yes,-10,NA,NA,NA,NA,NA,NA,-6
4,124333,,2022-07-10,0.4,1,0,7,50.2,test,-8,HL,0,NA,comb_1,yes,-6,NA,NA,NA,NA,NA,NA,-8
4,124333,,2022-07-10,0.4,1,0,7,50.2,test,-8,HL,0,NA,comb_1,yes,-7,NA,NA,NA,NA,NA,NA,-10
4,124334,,2022-07-10,0.4,1,0,7,50.2,test,-8,HL,0,NA,comb_1,yes,-7,NA,NA,NA,NA,NA,NA,-8
4,124334,,2022-07-10,0.4,1,0,7,50.2,test,-8,HL,0,NA,comb_1,yes,-8,NA,NA,NA,NA,NA,NA,-6
4,124335,,2022-07-10,0.4,1,0,7,50.2,test,-8,HL,0,NA,comb_1,yes,-8,NA,NA,NA,NA,NA,NA,-7
4,124335,,2022-07-10,0.4,1,0,7,50.2,test,-8,HL,0,NA,comb_1,yes,-6,NA,NA,NA,NA,NA,NA,-9
4,124336,,2022-07-10,0.4,1,0,7,50.2,test,-8,HL,0,NA,comb_1,yes,-8,NA,NA,NA,NA,NA,NA,-7
4,124337,,2022-07-10,0.4,1,0,7,50.2,test,-8,HL,0,NA,comb_1,yes,-7,NA,NA,NA,NA,NA,NA,-9
4,124337,,2022-07-10,0.4,1,0,7,50.2,test,-8,HL,0,NA,comb_1,yes,-7,NA,NA,NA,NA,NA,NA,-8
4,124338,,2022-07-10,0.4,1,0,7,50.2,test,-8,HL,0,NA,comb_1,yes,-8,NA,NA,NA,NA,NA,NA,-10
4,124338,,2022-07-10,0.4,1,0,7,50.2,test,-8,HL,0,NA,comb_1,yes,-7,NA,NA,NA,NA,NA,NA,-6
4,124339,,2022-07-10,0.4,1,0,7,50.2,test,-8,HL,0,NA,comb_1,yes,-10,NA,NA,NA,NA,NA,NA,-8
4,124423,,2022-07-10,NA,NA,0,7,NA,test,-8,HL,0,1,comb_1,no,NA,-3.3,-2.0,-8.4,17.0,17.1,NA,NA
5,124423,,2022-07-10,0.798,6666,3,4,0.0,test,-8,HL,0,0,comb_1,no,-10,NA,NA,NA,NA,NA,view,NA
5,124429,,2022-07-10,0.79,6666,3,4,0.0,test,-8,HL,0,0,comb_1,no,-9,NA,NA,NA,NA,NA,view,NA
5,124434,,2022-07-10,0.656,6666,3,4,0.0,test,-8,HL,0,1,comb_1,no,-8,NA,NA,NA,NA,NA,view,NA
5,124440,,2022-07-10,0.663,6666,3,4,0.0,test,-8,HL,0,1,comb_1,no,-7,NA,NA,NA,NA,NA,view,NA
5,124446,,2022-07-10,0.688,6666,3,4,0.0,test,-8,HL,0,1,comb_1,no,-6,NA,NA,NA,NA,NA,view,NA
5,124451,,2022-07-10,0.954,6666,3,4,0.0,test,-8,HL,0,0,comb_1,no,-8,NA,NA,NA,NA,NA,view,NA
5,124457,,2022-07-10,0.571,6666,3,4,0.0,test,-8,HL,0,0,comb_1,no,-6,NA,NA,NA,NA,NA,view,NA
5,124503,,2022-07-10,0.692,6666,3,4,0.0,test,-8,HL,0,1,comb_1,no,-9,NA,NA,NA,NA,NA,view,NA
5,124508,,2022-07-10,0.551,6666,3,4,0.0,test,-8,HL,0,0,comb_1,no,-7,NA,NA,NA,NA,NA,view,NA
5,124514,,2022-07-10,0.873,6666,3,4,0.0,test,-8,HL,0,1,comb_1,no,-10,NA,NA,NA,NA,NA,view,NA
5,124520,,2022-07-10,0.824,6666,3,4,0.0,test,-8,HL,0,1,comb_1,no,-8,NA,NA,NA,NA,NA,view,NA
5,124525,,2022-07-10,0.556,6666,3,4,0.0,test,-8,HL,0,0,comb_1,no,-8,NA,NA,NA,NA,NA,view,NA
5,124531,,2022-07-10,0.555,6666,3,4,0.0,test,-8,HL,0,0,comb_1,no,-13,NA,NA,NA,NA,NA,img,NA
5,124536,,2022-07-10,0.597,6666,3,4,0.0,test,-8,HL,0,1,comb_1,no,-3,NA,NA,NA,NA,NA,img,NA
5,124542,,2022-07-10,0.864,6666,3,4,0.0,test,-8,HL,0,1,comb_1,no,-4,NA,NA,NA,NA,NA,img,NA
5,124548,,2022-07-10,0.881,6666,3,4,0.0,test,-8,HL,0,0,comb_1,no,-13,NA,NA,NA,NA,NA,img,NA
5,124554,,2022-07-10,0.664,6666,3,4,0.0,test,-8,HL,0,1,comb_1,no,-5,NA,NA,NA,NA,NA,img,NA
5,124559,,2022-07-10,0.788,6666,3,4,0.0,test,-8,HL,0,0,comb_1,no,-12,NA,NA,NA,NA,NA,img,NA
5,124605,,2022-07-10,0.668,6666,3,4,0.0,test,-8,HL,0,0,comb_1,no,-12,NA,NA,NA,NA,NA,img,NA
5,124611,,2022-07-10,0.982,6666,3,4,0.0,test,-8,HL,0,0,comb_1,no,-13,NA,NA,NA,NA,NA,img,NA
5,124617,,2022-07-10,0.848,6666,3,4,0.0,test,-8,HL,0,0,comb_1,no,-5,NA,NA,NA,NA,NA,img,NA
5,124623,,2022-07-10,0.628,6666,3,4,0.0,test,-8,HL,0,1,comb_1,no,-3,NA,NA,NA,NA,NA,img,NA
5,124628,,2022-07-10,0.611,6666,3,4,0.0,test,-8,HL,0,1,comb_1,no,-13,NA,NA,NA,NA,NA,img,NA
5,124634,,2022-07-10,0.864,6666,3,4,0.0,test,-8,HL,0,1,comb_1,no,-4,NA,NA,NA,NA,NA,img,NA
5,124640,,2022-07-10,0.4,1,3,4,50.2,test,-8,HL,0,NA,comb_1,yes,-8,NA,NA,NA,NA,NA,NA,-7
5,124640,,2022-07-10,0.4,1,3,4,50.2,test,-8,HL,0,NA,comb_1,yes,-10,NA,NA,NA,NA,NA,NA,-9
5,124641,,2022-07-10,0.4,1,3,4,50.2,test,-8,HL,0,NA,comb_1,yes,-8,NA,NA,NA,NA,NA,NA,-8
5,124642,,2022-07-10,0.4,1,3,4,50.2,test,-8,HL,0,NA,comb_1,yes,-9,NA,NA,NA,NA,NA,NA,-10
5,124642,,2022-07-10,0.4,1,3,4,50.2,test,-8,HL,0,NA,comb_1,yes,-10,NA,NA,NA,NA,NA,NA,-6
5,124643,,2022-07-10,0.4,1,3,4,50.2,test,-8,HL,0,NA,comb_1,yes,-7,NA,NA,NA,NA,NA,NA,-8
5,124643,,2022-07-10,0.4,1,3,4,50.2,test,-8,HL,0,NA,comb_1,yes,-8,NA,NA,NA,NA,NA,NA,-10
5,124644,,2022-07-10,0.4,1,3,4,50.2,test,-8,HL,0,NA,comb_1,yes,-8,NA,NA,NA,NA,NA,NA,-6
5,124644,,2022-07-10,0.4,1,3,4,50.2,test,-8,HL,0,NA,comb_1,yes,-10,NA,NA,NA,NA,NA,NA,-8
5,124645,,2022-07-10,0.4,1,3,4,50.2,test,-8,HL,0,NA,comb_1,yes,-8,NA,NA,NA,NA,NA,NA,-7
5,124645,,2022-07-10,0.4,1,3,4,50.2,test,-8,HL,0,NA,comb_1,yes,-8,NA,NA,NA,NA,NA,NA,-8
5,124646,,2022-07-10,0.4,1,3,4,50.2,test,-8,HL,0,NA,comb_1,yes,-9,NA,NA,NA,NA,NA,NA,-9
5,124646,,2022-07-10,0.4,1,3,4,50.2,test,-8,HL,0,NA,comb_1,yes,-9,NA,NA,NA,NA,NA,NA,-10
5,124647,,2022-07-10,0.4,1,3,4,50.2,test,-8,HL,0,NA,comb_1,yes,-9,NA,NA,NA,NA,NA,NA,-8
5,124647,,2022-07-10,0.4,1,3,4,50.2,test,-8,HL,0,NA,comb_1,yes,-7,NA,NA,NA,NA,NA,NA,-6
5,124648,,2022-07-10,0.4,1,3,4,50.2,test,-8,HL,0,NA,comb_1,yes,-9,NA,NA,NA,NA,NA,NA,-9
5,124648,,2022-07-10,0.4,1,3,4,50.2,test,-8,HL,0,NA,comb_1,yes,-9,NA,NA,NA,NA,NA,NA,-7
5,124649,,2022-07-10,0.4,1,3,4,50.2,test,-8,HL,0,NA,comb_1,yes,-9,NA,NA,NA,NA,NA,NA,-8
5,124649,,2022-07-10,0.4,1,3,4,50.2,test,-8,HL,0,NA,comb_1,yes,-6,NA,NA,NA,NA,NA,NA,-8
5,124650,,2022-07-10,0.4,1,3,4,50.2,test,-8,HL,0,NA,comb_1,yes,-8,NA,NA,NA,NA,NA,NA,-7
5,124650,,2022-07-10,0.4,1,3,4,50.2,test,-8,HL,0,NA,comb_1,yes,-7,NA,NA,NA,NA,NA,NA,-8
5,124651,,2022-07-10,0.4,1,3,4,50.2,test,-8,HL,0,NA,comb_1,yes,-7,NA,NA,NA,NA,NA,NA,-6
5,124651,,2022-07-10,0.4,1,3,4,50.2,test,-8,HL,0,NA,comb_1,yes,-7,NA,NA,NA,NA,NA,NA,-10
5,124652,,2022-07-10,0.4,1,3,4,50.2,test,-8,HL,0,NA,comb_1,yes,-6,NA,NA,NA,NA,NA,NA,-9
5,124652,,2022-07-10,0.4,1,3,4,50.2,test,-8,HL,0,NA,comb_1,yes,-8,NA,NA,NA,NA,NA,NA,-8
5,124653,,2022-07-10,0.4,1,3,4,50.2,test,-8,HL,0,NA,comb_1,yes,-7,NA,NA,NA,NA,NA,NA,-7
5,124653,,2022-07-10,0.4,1,3,4,50.2,test,-8,HL,0,NA,comb_1,yes,-7,NA,NA,NA,NA,NA,NA,-9
5,124654,,2022-07-10,0.4,1,3,4,50.1,test,-8,HL,0,NA,comb_1,yes,-10,NA,NA,NA,NA,NA,NA,-8
5,124654,,2022-07-10,0.4,1,3,4,50.2,test,-8,HL,0,NA,comb_1,yes,-7,NA,NA,NA,NA,NA,NA,-10
5,124655,,2022-07-10,0.4,1,3,4,50.2,test,-8,HL,0,NA,comb_1,yes,-8,NA,NA,NA,NA,NA,NA,-6
5,124701,,2022-07-10,NA,NA,3,4,NA,test,-8,HL,0,1,comb_1,no,NA,-11.6,-0.9,-12.3,19.0,17.7,NA,NA
6,124701,,2022-07-10,0.564,6666,0,2,0.0,test,-6,HL,0,1,comb_1,no,-4,NA,NA,NA,NA,NA,view,NA
6,124707,,2022-07-10,0.636,6666,0,2,0.0,test,-6,HL,0,0,comb_1,no,-8,NA,NA,NA,NA,NA,view,NA
6,124713,,2022-07-10,0.696,6666,0,2,0.0,test,-6,HL,0,0,comb_1,no,-7,NA,NA,NA,NA,NA,view,NA
6,124718,,2022-07-10,0.926,6666,0,2,0.0,test,-6,HL,0,1,comb_1,no,-5,NA,NA,NA,NA,NA,view,NA
6,124724,,2022-07-10,0.794,6666,0,2,0.0,test,-6,HL,0,0,comb_1,no,-6,NA,NA,NA,NA,NA,view,NA
6,124730,,2022-07-10,0.688,6666,0,2,0.0,test,-6,HL,0,1,comb_1,no,-6,NA,NA,NA,NA,NA,view,NA
6,124735,,2022-07-10,0.866,6666,0,2,0.0,test,-6,HL,0,0,comb_1,no,-5,NA,NA,NA,NA,NA,view,NA
6,124741,,2022-07-10,0.579,6666,0,2,0.0,test,-6,HL,0,1,comb_1,no,-4,NA,NA,NA,NA,NA,view,NA
6,124747,,2022-07-10,0.599,6666,0,2,0.0,test,-6,HL,0,0,comb_1,no,-6,NA,NA,NA,NA,NA,view,NA
6,124752,,2022-07-10,0.847,6666,0,2,0.0,test,-6,HL,0,0,comb_1,no,-6,NA,NA,NA,NA,NA,view,NA
6,124758,,2022-07-10,0.66,6666,0,2,0.0,test,-6,HL,0,1,comb_1,no,-7,NA,NA,NA,NA,NA,view,NA
6,124804,,2022-07-10,0.501,6666,0,2,0.0,test,-6,HL,0,1,comb_1,no,-8,NA,NA,NA,NA,NA,view,NA
6,124809,,2022-07-10,0.665,6666,0,2,0.0,test,-6,HL,0,1,comb_1,no,-2,NA,NA,NA,NA,NA,img,NA
6,124815,,2022-07-10,0.787,6666,0,2,0.0,test,-6,HL,0,1,comb_1,no,-3,NA,NA,NA,NA,NA,img,NA
6,124821,,2022-07-10,0.623,6666,0,2,0.0,test,-6,HL,0,0,comb_1,no,-11,NA,NA,NA,NA,NA,img,NA
6,124826,,2022-07-10,0.981,6666,0,2,0.0,test,-6,HL,0,0,comb_1,no,-10,NA,NA,NA,NA,NA,img,NA
6,124832,,2022-07-10,0.815,6666,0,2,0.0,test,-6,HL,0,1,comb_1,no,-1,NA,NA,NA,NA,NA,img,NA
6,124838,,2022-07-10,0.839,6666,0,2,0.0,test,-6,HL,0,0,comb_1,no,-11,NA,NA,NA,NA,NA,img,NA
6,124844,,2022-07-10,0.503,6666,0,2,0.0,test,-6,HL,0,1,comb_1,no,-3,NA,NA,NA,NA,NA,img,NA
6,124849,,2022-07-10,0.615,6666,0,2,0.0,test,-6,HL,0,0,comb_1,no,-1,NA,NA,NA,NA,NA,img,NA
6,124855,,2022-07-10,0.605,6666,0,2,0.0,test,-6,HL,0,0,comb_1,no,-10,NA,NA,NA,NA,NA,img,NA
6,124900,,2022-07-10,0.537,6666,0,2,0.0,test,-6,HL,0,0,comb_1,no,-11,NA,NA,NA,NA,NA,img,NA
6,124906,,2022-07-10,0.537,6666,0,2,0.0,test,-6,HL,0,1,comb_1,no,-11,NA,NA,NA,NA,NA,img,NA
6,124911,,2022-07-10,0.553,6666,0,2,0.0,test,-6,HL,0,1,comb_1,no,-2,NA,NA,NA,NA,NA,img,NA
6,124917,,2022-07-10,0.4,1,0,2,50.1,test,-6,HL,0,NA,comb_1,yes,-8,NA,NA,NA,NA,NA,NA,-6
6,124918,,2022-07-10,0.4,1,0,2,50.2,test,-6,HL,0,NA,comb_1,yes,-4,NA,NA,NA,NA,NA,NA,-4
6,124918,,2022-07-10,0.4,1,0,2,50.2,test,-6,HL,0,NA,comb_1,yes,-7,NA,NA,NA,NA,NA,NA,-5
6,124919,,2022-07-10,0.4,1,0,2,50.2,test,-6,HL,0,NA,comb_1,yes,-4,NA,NA,NA,NA,NA,NA,-8
6,124919,,2022-07-10,0.4,1,0,2,50.2,test,-6,HL,0,NA,comb_1,yes,-7,NA,NA,NA,NA,NA,NA,-7
6,124920,,2022-07-10,0.4,1,0,2,50.2,test,-6,HL,0,NA,comb_1,yes,-5,NA,NA,NA,NA,NA,NA,-6
6,124920,,2022-07-10,0.4,1,0,2,50.2,test,-6,HL,0,NA,comb_1,yes,-7,NA,NA,NA,NA,NA,NA,-4
6,124921,,2022-07-10,0.4,1,0,2,50.2,test,-6,HL,0,NA,comb_1,yes,-8,NA,NA,NA,NA,NA,NA,-6
6,124921,,2022-07-10,0.4,1,0,2,50.2,test,-6,HL,0,NA,comb_1,yes,-8,NA,NA,NA,NA,NA,NA,-7
6,124922,,2022-07-10,0.4,1,0,2,50.2,test,-6,HL,0,NA,comb_1,yes,-6,NA,NA,NA,NA,NA,NA,-8
6,124922,,2022-07-10,0.4,1,0,2,50.2,test,-6,HL,0,NA,comb_1,yes,-8,NA,NA,NA,NA,NA,NA,-6
6,124923,,2022-07-10,0.4,1,0,2,50.2,test,-6,HL,0,NA,comb_1,yes,-6,NA,NA,NA,NA,NA,NA,-5
6,124923,,2022-07-10,0.4,1,0,2,50.2,test,-6,HL,0,NA,comb_1,yes,-8,NA,NA,NA,NA,NA,NA,-5
6,124924,,2022-07-10,0.4,1,0,2,50.2,test,-6,HL,0,NA,comb_1,yes,-7,NA,NA,NA,NA,NA,NA,-6
6,124924,,2022-07-10,0.4,1,0,2,50.2,test,-6,HL,0,NA,comb_1,yes,-7,NA,NA,NA,NA,NA,NA,-8
6,124925,,2022-07-10,0.4,1,0,2,50.2,test,-6,HL,0,NA,comb_1,yes,-8,NA,NA,NA,NA,NA,NA,-4
6,124925,,2022-07-10,0.4,1,0,2,50.2,test,-6,HL,0,NA,comb_1,yes,-6,NA,NA,NA,NA,NA,NA,-7
6,124926,,2022-07-10,0.4,1,0,2,50.2,test,-6,HL,0,NA,comb_1,yes,-6,NA,NA,NA,NA,NA,NA,-6
6,124926,,2022-07-10,0.4,1,0,2,50.2,test,-6,HL,0,NA,comb_1,yes,-4,NA,NA,NA,NA,NA,NA,-6
6,124927,,2022-07-10,0.4,1,0,2,50.2,test,-6,HL,0,NA,comb_1,yes,-7,NA,NA,NA,NA,NA,NA,-8
6,124927,,2022-07-10,0.4,1,0,2,50.2,test,-6,HL,0,NA,comb_1,yes,-4,NA,NA,NA,NA,NA,NA,-5
6,124928,,2022-07-10,0.4,1,0,2,50.2,test,-6,HL,0,NA,comb_1,yes,-8,NA,NA,NA,NA,NA,NA,-7
6,124929,,2022-07-10,0.4,1,0,2,50.2,test,-6,HL,0,NA,comb_1,yes,-8,NA,NA,NA,NA,NA,NA,-4
6,124929,,2022-07-10,0.4,1,0,2,50.2,test,-6,HL,0,NA,comb_1,yes,-8,NA,NA,NA,NA,NA,NA,-6
6,124930,,2022-07-10,0.4,1,0,2,50.2,test,-6,HL,0,NA,comb_1,yes,-8,NA,NA,NA,NA,NA,NA,-6
6,124930,,2022-07-10,0.4,1,0,2,50.2,test,-6,HL,0,NA,comb_1,yes,-4,NA,NA,NA,NA,NA,NA,-4
6,124931,,2022-07-10,0.4,1,0,2,50.2,test,-6,HL,0,NA,comb_1,yes,-8,NA,NA,NA,NA,NA,NA,-7
6,124931,,2022-07-10,0.4,1,0,2,50.2,test,-6,HL,0,NA,comb_1,yes,-5,NA,NA,NA,NA,NA,NA,-6
6,124932,,2022-07-10,0.4,1,0,2,50.2,test,-6,HL,0,NA,comb_1,yes,-4,NA,NA,NA,NA,NA,NA,-8
6,124932,,2022-07-10,0.4,1,0,2,50.2,test,-6,HL,0,NA,comb_1,yes,-6,NA,NA,NA,NA,NA,NA,-5
6,124941,,2022-07-10,NA,NA,0,2,NA,test,-6,HL,0,1,comb_1,no,NA,-11.1,-0.5,-9.9,17.8,19.0,NA,NA
7,124941,,2022-07-10,0.989,6666,1,7,0.0,test,-6,HL,0,0,comb_1,no,-6,NA,NA,NA,NA,NA,view,NA
7,124947,,2022-07-10,0.909,6666,1,7,0.0,test,-6,HL,0,1,comb_1,no,-4,NA,NA,NA,NA,NA,view,NA
7,124953,,2022-07-10,0.874,6666,1,7,0.0,test,-6,HL,0,1,comb_1,no,-5,NA,NA,NA,NA,NA,view,NA
7,124959,,2022-07-10,0.701,6666,1,7,0.0,test,-6,HL,0,1,comb_1,no,-6,NA,NA,NA,NA,NA,view,NA
7,125005,,2022-07-10,0.958,6666,1,7,0.0,test,-6,HL,0,0,comb_1,no,-8,NA,NA,NA,NA,NA,view,NA
7,125011,,2022-07-10,0.967,6666,1,7,0.0,test,-6,HL,0,0,comb_1,no,-7,NA,NA,NA,NA,NA,view,NA
7,125017,,2022-07-10,0.864,6666,1,7,0.0,test,-6,HL,0,0,comb_1,no,-6,NA,NA,NA,NA,NA,view,NA
7,125022,,2022-07-10,0.544,6666,1,7,0.0,test,-6,HL,0,1,comb_1,no,-4,NA,NA,NA,NA,NA,view,NA
7,125028,,2022-07-10,0.623,6666,1,7,0.0,test,-6,HL,0,1,comb_1,no,-5,NA,NA,NA,NA,NA,view,NA
7,125034,,2022-07-10,0.995,6666,1,7,0.0,test,-6,HL,0,0,comb_1,no,-8,NA,NA,NA,NA,NA,view,NA
7,125039,,2022-07-10,0.864,6666,1,7,0.0,test,-6,HL,0,1,comb_1,no,-6,NA,NA,NA,NA,NA,view,NA
7,125045,,2022-07-10,0.615,6666,1,7,0.0,test,-6,HL,0,0,comb_1,no,-7,NA,NA,NA,NA,NA,view,NA
7,125051,,2022-07-10,0.898,6666,1,7,0.0,test,-6,HL,0,0,comb_1,no,-10,NA,NA,NA,NA,NA,img,NA
7,125057,,2022-07-10,0.992,6666,1,7,0.0,test,-6,HL,0,0,comb_1,no,-11,NA,NA,NA,NA,NA,img,NA
7,125103,,2022-07-10,0.604,6666,1,7,0.0,test,-6,HL,0,1,comb_1,no,-3,NA,NA,NA,NA,NA,img,NA
7,125108,,2022-07-10,0.725,6666,1,7,0.0,test,-6,HL,0,1,comb_1,no,-1,NA,NA,NA,NA,NA,img,NA
7,125114,,2022-07-10,0.894,6666,1,7,0.0,test,-6,HL,0,1,comb_1,no,-2,NA,NA,NA,NA,NA,img,NA
7,125120,,2022-07-10,0.712,6666,1,7,0.0,test,-6,HL,0,0,comb_1,no,-11,NA,NA,NA,NA,NA,img,NA
7,125125,,2022-07-10,0.734,6666,1,7,0.0,test,-6,HL,0,1,comb_1,no,-3,NA,NA,NA,NA,NA,img,NA
7,125131,,2022-07-10,0.865,6666,1,7,0.0,test,-6,HL,0,0,comb_1,no,-11,NA,NA,NA,NA,NA,img,NA
7,125137,,2022-07-10,0.784,6666,1,7,0.0,test,-6,HL,0,1,comb_1,no,-11,NA,NA,NA,NA,NA,img,NA
7,125143,,2022-07-10,0.951,6666,1,7,0.0,test,-6,HL,0,0,comb_1,no,-2,NA,NA,NA,NA,NA,img,NA
7,125149,,2022-07-10,0.859,6666,1,7,0.0,test,-6,HL,0,1,comb_1,no,-10,NA,NA,NA,NA,NA,img,NA
7,125154,,2022-07-10,0.829,6666,1,7,0.0,test,-6,HL,0,0,comb_1,no,-1,NA,NA,NA,NA,NA,img,NA
7,125201,,2022-07-10,0.4,1,1,7,50.2,test,-6,HL,0,NA,comb_1,yes,-4,NA,NA,NA,NA,NA,NA,-6
7,125201,,2022-07-10,0.4,1,1,7,50.2,test,-6,HL,0,NA,comb_1,yes,-7,NA,NA,NA,NA,NA,NA,-8
7,125202,,2022-07-10,0.4,1,1,7,50.2,test,-6,HL,0,NA,comb_1,yes,-6,NA,NA,NA,NA,NA,NA,-7
7,125202,,2022-07-10,0.4,1,1,7,50.2,test,-6,HL,0,NA,comb_1,yes,-4,NA,NA,NA,NA,NA,NA,-5
7,125203,,2022-07-10,0.4,1,1,7,50.2,test,-6,HL,0,NA,comb_1,yes,-6,NA,NA,NA,NA,NA,NA,-4
7,125203,,2022-07-10,0.4,1,1,7,50.2,test,-6,HL,0,NA,comb_1,yes,-4,NA,NA,NA,NA,NA,NA,-6
7,125204,,2022-07-10,0.4,1,1,7,50.2,test,-6,HL,0,NA,comb_1,yes,-4,NA,NA,NA,NA,NA,NA,-5
7,125204,,2022-07-10,0.4,1,1,7,50.2,test,-6,HL,0,NA,comb_1,yes,-6,NA,NA,NA,NA,NA,NA,-6
7,125205,,2022-07-10,0.4,1,1,7,50.2,test,-6,HL,0,NA,comb_1,yes,-8,NA,NA,NA,NA,NA,NA,-4
7,125205,,2022-07-10,0.4,1,1,7,50.2,test,-6,HL,0,NA,comb_1,yes,-5,NA,NA,NA,NA,NA,NA,-8
7,125206,,2022-07-10,0.4,1,1,7,50.2,test,-6,HL,0,NA,comb_1,yes,-8,NA,NA,NA,NA,NA,NA,-6
7,125206,,2022-07-10,0.4,1,1,7,50.2,test,-6,HL,0,NA,comb_1,yes,-8,NA,NA,NA,NA,NA,NA,-7
7,125207,,2022-07-10,0.4,1,1,7,50.2,test,-6,HL,0,NA,comb_1,yes,-6,NA,NA,NA,NA,NA,NA,-7
7,125207,,2022-07-10,0.4,1,1,7,50.2,test,-6,HL,0,NA,comb_1,yes,-5,NA,NA,NA,NA,NA,NA,-6
7,125208,,2022-07-10,0.4,1,1,7,50.2,test,-6,HL,0,NA,comb_1,yes,-8,NA,NA,NA,NA,NA,NA,-8
7,125208,,2022-07-10,0.4,1,1,7,50.2,test,-6,HL,0,NA,comb_1,yes,-8,NA,NA,NA,NA,NA,NA,-4
7,125209,,2022-07-10,0.4,1,1,7,50.2,test,-6,HL,0,NA,comb_1,yes,-7,NA,NA,NA,NA,NA,NA,-5
7,125209,,2022-07-10,0.4,1,1,7,50.2,test,-6,HL,0,NA,comb_1,yes,-6,NA,NA,NA,NA,NA,NA,-6
7,125210,,2022-07-10,0.4,1,1,7,50.2,test,-6,HL,0,NA,comb_1,yes,-4,NA,NA,NA,NA,NA,NA,-4
7,125210,,2022-07-10,0.4,1,1,7,50.2,test,-6,HL,0,NA,comb_1,yes,-8,NA,NA,NA,NA,NA,NA,-7
7,125211,,2022-07-10,0.4,1,1,7,50.2,test,-6,HL,0,NA,comb_1,yes,-7,NA,NA,NA,NA,NA,NA,-8
7,125212,,2022-07-10,0.4,1,1,7,50.2,test,-6,HL,0,NA,comb_1,yes,-6,NA,NA,NA,NA,NA,NA,-6
7,125212,,2022-07-10,0.4,1,1,7,50.2,test,-6,HL,0,NA,comb_1,yes,-4,NA,NA,NA,NA,NA,NA,-5
7,125213,,2022-07-10,0.4,1,1,7,50.2,test,-6,HL,0,NA,comb_1,yes,-7,NA,NA,NA,NA,NA,NA,-6
7,125213,,2022-07-10,0.4,1,1,7,50.2,test,-6,HL,0,NA,comb_1,yes,-8,NA,NA,NA,NA,NA,NA,-6
7,125214,,2022-07-10,0.4,1,1,7,50.2,test,-6,HL,0,NA,comb_1,yes,-6,NA,NA,NA,NA,NA,NA,-5
7,125214,,2022-07-10,0.4,1,1,7,50.2,test,-6,HL,0,NA,comb_1,yes,-6,NA,NA,NA,NA,NA,NA,-4
7,125215,,2022-07-10,0.4,1,1,7,50.2,test,-6,HL,0,NA,comb_1,yes,-7,NA,NA,NA,NA,NA,NA,-7
7,125215,,2022-07-10,0.4,1,1,7,50.2,test,-6,HL,0,NA,comb_1,yes,-7,NA,NA,NA,NA,NA,NA,-6
7,125216,,2022-07-10,0.4,1,1,7,50.2,test,-6,HL,0,NA,comb_1,yes,-6,NA,NA,NA,NA,NA,NA,-8
7,125228,,2022-07-10,NA,NA,1,7,NA,test,-6,HL,0,0,comb_1,no,NA,-5.4,-1.0,-9.9,17.3,19.0,NA,NA
8,125228,,2022-07-10,0.603,6666,1,3,0.0,test,-8,HL,0,1,comb_1,no,-6,NA,NA,NA,NA,NA,view,NA
8,125234,,2022-07-10,0.503,6666,1,3,0.0,test,-8,HL,0,0,comb_1,no,-8,NA,NA,NA,NA,NA,view,NA
8,125239,,2022-07-10,0.68,6666,1,3,0.0,test,-8,HL,0,0,comb_1,no,-9,NA,NA,NA,NA,NA,view,NA
8,125245,,2022-07-10,0.942,6666,1,3,0.0,test,-8,HL,0,1,comb_1,no,-8,NA,NA,NA,NA,NA,view,NA
8,125251,,2022-07-10,0.677,6666,1,3,0.0,test,-8,HL,0,0,comb_1,no,-10,NA,NA,NA,NA,NA,view,NA
8,125256,,2022-07-10,0.637,6666,1,3,0.0,test,-8,HL,0,1,comb_1,no,-7,NA,NA,NA,NA,NA,view,NA
8,125302,,2022-07-10,0.67,6666,1,3,0.0,test,-8,HL,0,1,comb_1,no,-8,NA,NA,NA,NA,NA,view,NA
8,125307,,2022-07-10,0.579,6666,1,3,0.0,test,-8,HL,0,0,comb_1,no,-10,NA,NA,NA,NA,NA,view,NA
8,125313,,2022-07-10,0.586,6666,1,3,0.0,test,-8,HL,0,1,comb_1,no,-9,NA,NA,NA,NA,NA,view,NA
8,125319,,2022-07-10,0.888,6666,1,3,0.0,test,-8,HL,0,0,comb_1,no,-7,NA,NA,NA,NA,NA,view,NA
8,125324,,2022-07-10,0.886,6666,1,3,0.0,test,-8,HL,0,1,comb_1,no,-6,NA,NA,NA,NA,NA,view,NA
8,125330,,2022-07-10,0.889,6666,1,3,0.0,test,-8,HL,0,0,comb_1,no,-8,NA,NA,NA,NA,NA,view,NA
8,125336,,2022-07-10,0.788,6666,1,3,0.0,test,-8,HL,0,0,comb_1,no,-13,NA,NA,NA,NA,NA,img,NA
8,125342,,2022-07-10,0.648,6666,1,3,0.0,test,-8,HL,0,0,comb_1,no,-13,NA,NA,NA,NA,NA,img,NA
8,125347,,2022-07-10,0.846,6666,1,3,0.0,test,-8,HL,0,1,comb_1,no,-4,NA,NA,NA,NA,NA,img,NA
8,125353,,2022-07-10,0.5,6666,1,3,0.0,test,-8,HL,0,0,comb_1,no,-12,NA,NA,NA,NA,NA,img,NA
8,125359,,2022-07-10,0.713,6666,1,3,0.0,test,-8,HL,0,1,comb_1,no,-3,NA,NA,NA,NA,NA,img,NA
8,125404,,2022-07-10,0.55,6666,1,3,0.0,test,-8,HL,0,1,comb_1,no,-5,NA,NA,NA,NA,NA,img,NA
8,125410,,2022-07-10,0.912,6666,1,3,0.0,test,-8,HL,0,1,comb_1,no,-13,NA,NA,NA,NA,NA,img,NA
8,125416,,2022-07-10,0.719,6666,1,3,0.0,test,-8,HL,0,0,comb_1,no,-3,NA,NA,NA,NA,NA,img,NA
8,125421,,2022-07-10,0.615,6666,1,3,0.0,test,-8,HL,0,0,comb_1,no,-12,NA,NA,NA,NA,NA,img,NA
8,125427,,2022-07-10,0.662,6666,1,3,0.0,test,-8,HL,0,1,comb_1,no,-13,NA,NA,NA,NA,NA,img,NA
8,125433,,2022-07-10,0.627,6666,1,3,0.0,test,-8,HL,0,0,comb_1,no,-5,NA,NA,NA,NA,NA,img,NA
8,125438,,2022-07-10,0.897,6666,1,3,0.0,test,-8,HL,0,1,comb_1,no,-4,NA,NA,NA,NA,NA,img,NA
8,125445,,2022-07-10,0.4,1,1,3,50.2,test,-8,HL,0,NA,comb_1,yes,-9,NA,NA,NA,NA,NA,NA,-9
8,125445,,2022-07-10,0.4,1,1,3,50.2,test,-8,HL,0,NA,comb_1,yes,-8,NA,NA,NA,NA,NA,NA,-10
8,125446,,2022-07-10,0.4,1,1,3,50.2,test,-8,HL,0,NA,comb_1,yes,-8,NA,NA,NA,NA,NA,NA,-7
8,125446,,2022-07-10,0.4,1,1,3,50.2,test,-8,HL,0,NA,comb_1,yes,-6,NA,NA,NA,NA,NA,NA,-8
8,125447,,2022-07-10,0.4,1,1,3,50.2,test,-8,HL,0,NA,comb_1,yes,-8,NA,NA,NA,NA,NA,NA,-6
8,125447,,2022-07-10,0.4,1,1,3,50.2,test,-8,HL,0,NA,comb_1,yes,-8,NA,NA,NA,NA,NA,NA,-8
8,125448,,2022-07-10,0.4,1,1,3,50.2,test,-8,HL,0,NA,comb_1,yes,-8,NA,NA,NA,NA,NA,NA,-7
8,125448,,2022-07-10,0.4,1,1,3,50.2,test,-8,HL,0,NA,comb_1,yes,-10,NA,NA,NA,NA,NA,NA,-8
8,125449,,2022-07-10,0.4,1,1,3,50.2,test,-8,HL,0,NA,comb_1,yes,-7,NA,NA,NA,NA,NA,NA,-6
8,125449,,2022-07-10,0.4,1,1,3,50.2,test,-8,HL,0,NA,comb_1,yes,-8,NA,NA,NA,NA,NA,NA,-9
8,125450,,2022-07-10,0.4,1,1,3,50.2,test,-8,HL,0,NA,comb_1,yes,-7,NA,NA,NA,NA,NA,NA,-10
8,125450,,2022-07-10,0.4,1,1,3,50.2,test,-8,HL,0,NA,comb_1,yes,-8,NA,NA,NA,NA,NA,NA,-8
8,125451,,2022-07-10,0.4,1,1,3,50.2,test,-8,HL,0,NA,comb_1,yes,-9,NA,NA,NA,NA,NA,NA,-8
8,125451,,2022-07-10,0.4,1,1,3,50.2,test,-8,HL,0,NA,comb_1,yes,-10,NA,NA,NA,NA,NA,NA,-10
8,125452,,2022-07-10,0.4,1,1,3,50.2,test,-8,HL,0,NA,comb_1,yes,-7,NA,NA,NA,NA,NA,NA,-6
8,125452,,2022-07-10,0.4,1,1,3,50.2,test,-8,HL,0,NA,comb_1,yes,-9,NA,NA,NA,NA,NA,NA,-9
8,125453,,2022-07-10,0.4,1,1,3,50.2,test,-8,HL,0,NA,comb_1,yes,-8,NA,NA,NA,NA,NA,NA,-7
8,125453,,2022-07-10,0.4,1,1,3,50.2,test,-8,HL,0,NA,comb_1,yes,-8,NA,NA,NA,NA,NA,NA,-8
8,125454,,2022-07-10,0.4,1,1,3,50.2,test,-8,HL,0,NA,comb_1,yes,-8,NA,NA,NA,NA,NA,NA,-10
8,125454,,2022-07-10,0.4,1,1,3,50.2,test,-8,HL,0,NA,comb_1,yes,-9,NA,NA,NA,NA,NA,NA,-8
8,125455,,2022-07-10,0.4,1,1,3,50.2,test,-8,HL,0,NA,comb_1,yes,-10,NA,NA,NA,NA,NA,NA,-9
8,125455,,2022-07-10,0.4,1,1,3,50.2,test,-8,HL,0,NA,comb_1,yes,-7,NA,NA,NA,NA,NA,NA,-6
8,125456,,2022-07-10,0.4,1,1,3,50.2,test,-8,HL,0,NA,comb_1,yes,-9,NA,NA,NA,NA,NA,NA,-7
8,125457,,2022-07-10,0.4,1,1,3,50.2,test,-8,HL,0,NA,comb_1,yes,-10,NA,NA,NA,NA,NA,NA,-8
8,125457,,2022-07-10,0.4,1,1,3,50.2,test,-8,HL,0,NA,comb_1,yes,-8,NA,NA,NA,NA,NA,NA,-7
8,125458,,2022-07-10,0.4,1,1,3,50.2,test,-8,HL,0,NA,comb_1,yes,-6,NA,NA,NA,NA,NA,NA,-9
8,125458,,2022-07-10,0.4,1,1,3,50.2,test,-8,HL,0,NA,comb_1,yes,-6,NA,NA,NA,NA,NA,NA,-8
8,125459,,2022-07-10,0.4,1,1,3,50.2,test,-8,HL,0,NA,comb_1,yes,-7,NA,NA,NA,NA,NA,NA,-10
8,125459,,2022-07-10,0.4,1,1,3,50.2,test,-8,HL,0,NA,comb_1,yes,-8,NA,NA,NA,NA,NA,NA,-8
8,125500,,2022-07-10,0.4,1,1,3,50.2,test,-8,HL,0,NA,comb_1,yes,-8,NA,NA,NA,NA,NA,NA,-6
8,125534,,2022-07-10,NA,NA,1,3,NA,test,-8,HL,0,1,comb_1,no,NA,-10.7,-1.7,-12.9,17.5,17.8,NA,NA
9,125534,,2022-07-10,0.813,6666,3,5,0.0,test,-10,LH,0,0,comb_1,no,-13,NA,NA,NA,NA,NA,view,NA
9,125540,,2022-07-10,0.837,6666,3,5,0.0,test,-10,LH,0,0,comb_1,no,-14,NA,NA,NA,NA,NA,view,NA
9,125546,,2022-07-10,0.595,6666,3,5,0.0,test,-10,LH,0,1,comb_1,no,-5,NA,NA,NA,NA,NA,view,NA
9,125551,,2022-07-10,0.916,6666,3,5,0.0,test,-10,LH,0,0,comb_1,no,-15,NA,NA,NA,NA,NA,view,NA
9,125557,,2022-07-10,0.829,6666,3,5,0.0,test,-10,LH,0,1,comb_1,no,-7,NA,NA,NA,NA,NA,view,NA
9,125603,,2022-07-10,0.58,6666,3,5,0.0,test,-10,LH,0,1,comb_1,no,-6,NA,NA,NA,NA,NA,view,NA
9,125609,,2022-07-10,0.907,6666,3,5,0.0,test,-10,LH,0,1,comb_1,no,-14,NA,NA,NA,NA,NA,view,NA
9,125614,,2022-07-10,0.813,6666,3,5,0.0,test,-10,LH,0,0,comb_1,no,-15,NA,NA,NA,NA,NA,view,NA
9,125620,,2022-07-10,0.896,6666,3,5,0.0,test,-10,LH,0,0,comb_1,no,-7,NA,NA,NA,NA,NA,view,NA
9,125626,,2022-07-10,0.782,6666,3,5,0.0,test,-10,LH,0,1,comb_1,no,-5,NA,NA,NA,NA,NA,view,NA
9,125632,,2022-07-10,0.753,6666,3,5,0.0,test,-10,LH,0,0,comb_1,no,-6,NA,NA,NA,NA,NA,view,NA
9,125638,,2022-07-10,0.883,6666,3,5,0.0,test,-10,LH,0,1,comb_1,no,-13,NA,NA,NA,NA,NA,view,NA
9,125643,,2022-07-10,0.966,6666,3,5,0.0,test,-10,LH,0,0,comb_1,no,-12,NA,NA,NA,NA,NA,img,NA
9,125649,,2022-07-10,0.726,6666,3,5,0.0,test,-10,LH,0,0,comb_1,no,-11,NA,NA,NA,NA,NA,img,NA
9,125655,,2022-07-10,0.845,6666,3,5,0.0,test,-10,LH,0,1,comb_1,no,-9,NA,NA,NA,NA,NA,img,NA
9,125701,,2022-07-10,0.609,6666,3,5,0.0,test,-10,LH,0,1,comb_1,no,-10,NA,NA,NA,NA,NA,img,NA
9,125706,,2022-07-10,0.708,6666,3,5,0.0,test,-10,LH,0,0,comb_1,no,-12,NA,NA,NA,NA,NA,img,NA
9,125712,,2022-07-10,0.839,6666,3,5,0.0,test,-10,LH,0,1,comb_1,no,-8,NA,NA,NA,NA,NA,img,NA
9,125718,,2022-07-10,0.892,6666,3,5,0.0,test,-10,LH,0,0,comb_1,no,-8,NA,NA,NA,NA,NA,img,NA
9,125724,,2022-07-10,0.654,6666,3,5,0.0,test,-10,LH,0,1,comb_1,no,-9,NA,NA,NA,NA,NA,img,NA
9,125729,,2022-07-10,0.785,6666,3,5,0.0,test,-10,LH,0,1,comb_1,no,-11,NA,NA,NA,NA,NA,img,NA
9,125735,,2022-07-10,0.56,6666,3,5,0.0,test,-10,LH,0,0,comb_1,no,-10,NA,NA,NA,NA,NA,img,NA
9,125741,,2022-07-10,0.703,6666,3,5,0.0,test,-10,LH,0,0,comb_1,no,-12,NA,NA,NA,NA,NA,img,NA
9,125746,,2022-07-10,0.664,6666,3,5,0.0,test,-10,LH,0,1,comb_1,no,-12,NA,NA,NA,NA,NA,img,NA
9,125752,,2022-07-10,0.4,1,3,5,50.2,test,-10,LH,0,NA,comb_1,yes,-6,NA,NA,NA,NA,NA,NA,-13
9,125753,,2022-07-10,0.4,1,3,5,50.2,test,-10,LH,0,NA,comb_1,yes,-7,NA,NA,NA,NA,NA,NA,-7
9,125753,,2022-07-10,0.4,1,3,5,50.2,test,-10,LH,0,NA,comb_1,yes,-14,NA,NA,NA,NA,NA,NA,-15
9,125754,,2022-07-10,0.4,1,3,5,50.2,test,-10,LH,0,NA,comb_1,yes,-15,NA,NA,NA,NA,NA,NA,-5
9,125754,,2022-07-10,0.4,1,3,5,50.2,test,-10,LH,0,NA,comb_1,yes,-13,NA,NA,NA,NA,NA,NA,-6
9,125755,,2022-07-10,0.4,1,3,5,50.2,test,-10,LH,0,NA,comb_1,yes,-15,NA,NA,NA,NA,NA,NA,-14
9,125755,,2022-07-10,0.4,1,3,5,50.2,test,-10,LH,0,NA,comb_1,yes,-14,NA,NA,NA,NA,NA,NA,-5
9,125756,,2022-07-10,0.4,1,3,5,50.2,test,-10,LH,0,NA,comb_1,yes,-15,NA,NA,NA,NA,NA,NA,-6
9,125756,,2022-07-10,0.4,1,3,5,50.2,test,-10,LH,0,NA,comb_1,yes,-13,NA,NA,NA,NA,NA,NA,-7
9,125757,,2022-07-10,0.4,1,3,5,50.2,test,-10,LH,0,NA,comb_1,yes,-13,NA,NA,NA,NA,NA,NA,-14
9,125757,,2022-07-10,0.4,1,3,5,50.2,test,-10,LH,0,NA,comb_1,yes,-7,NA,NA,NA,NA,NA,NA,-15
9,125758,,2022-07-10,0.4,1,3,5,50.2,test,-10,LH,0,NA,comb_1,yes,-14,NA,NA,NA,NA,NA,NA,-13
9,125758,,2022-07-10,0.4,1,3,5,50.2,test,-10,LH,0,NA,comb_1,yes,-13,NA,NA,NA,NA,NA,NA,-13
9,125759,,2022-07-10,0.4,1,3,5,50.2,test,-10,LH,0,NA,comb_1,yes,-14,NA,NA,NA,NA,NA,NA,-6
9,125800,,2022-07-10,0.4,1,3,5,50.2,test,-10,LH,0,NA,comb_1,yes,-15,NA,NA,NA,NA,NA,NA,-15
9,125800,,2022-07-10,0.4,1,3,5,50.2,test,-10,LH,0,NA,comb_1,yes,-13,NA,NA,NA,NA,NA,NA,-14
9,125801,,2022-07-10,0.4,1,3,5,50.2,test,-10,LH,0,NA,comb_1,yes,-15,NA,NA,NA,NA,NA,NA,-5
9,125801,,2022-07-10,0.4,1,3,5,50.2,test,-10,LH,0,NA,comb_1,yes,-13,NA,NA,NA,NA,NA,NA,-7
9,125802,,2022-07-10,0.4,1,3,5,50.2,test,-10,LH,0,NA,comb_1,yes,-14,NA,NA,NA,NA,NA,NA,-15
9,125802,,2022-07-10,0.4,1,3,5,50.2,test,-10,LH,0,NA,comb_1,yes,-15,NA,NA,NA,NA,NA,NA,-14
9,125803,,2022-07-10,0.4,1,3,5,50.2,test,-10,LH,0,NA,comb_1,yes,-6,NA,NA,NA,NA,NA,NA,-7
9,125803,,2022-07-10,0.4,1,3,5,50.2,test,-10,LH,0,NA,comb_1,yes,-14,NA,NA,NA,NA,NA,NA,-6
9,125804,,2022-07-10,0.4,1,3,5,50.2,test,-10,LH,0,NA,comb_1,yes,-13,NA,NA,NA,NA,NA,NA,-13
9,125804,,2022-07-10,0.4,1,3,5,50.2,test,-10,LH,0,NA,comb_1,yes,-14,NA,NA,NA,NA,NA,NA,-5
9,125805,,2022-07-10,0.4,1,3,5,50.2,test,-10,LH,0,NA,comb_1,yes,-14,NA,NA,NA,NA,NA,NA,-7
9,125805,,2022-07-10,0.4,1,3,5,50.2,test,-10,LH,0,NA,comb_1,yes,-14,NA,NA,NA,NA,NA,NA,-14
9,125806,,2022-07-10,0.4,1,3,5,50.2,test,-10,LH,0,NA,comb_1,yes,-7,NA,NA,NA,NA,NA,NA,-6
9,125806,,2022-07-10,0.4,1,3,5,50.2,test,-10,LH,0,NA,comb_1,yes,-6,NA,NA,NA,NA,NA,NA,-15
9,125807,,2022-07-10,0.4,1,3,5,50.2,test,-10,LH,0,NA,comb_1,yes,-7,NA,NA,NA,NA,NA,NA,-13
9,125807,,2022-07-10,0.4,1,3,5,50.2,test,-10,LH,0,NA,comb_1,yes,-14,NA,NA,NA,NA,NA,NA,-5
9,125818,,2022-07-10,NA,NA,3,5,NA,test,-10,LH,0,1,comb_1,no,NA,-8.3,-1.5,-10.6,17.9,18.6,NA,NA
10,125848,,2022-07-10,0.689,6666,6,7,0.0,test,-10,HL,0,0,comb_4,no,-11,NA,NA,NA,NA,NA,view,NA
10,125853,,2022-07-10,0.633,6666,6,7,0.0,test,-10,HL,0,0,comb_4,no,-12,NA,NA,NA,NA,NA,view,NA
10,125859,,2022-07-10,0.886,6666,6,7,0.0,test,-10,HL,0,1,comb_4,no,-9,NA,NA,NA,NA,NA,view,NA
10,125905,,2022-07-10,0.654,6666,6,7,0.0,test,-10,HL,0,1,comb_4,no,-10,NA,NA,NA,NA,NA,view,NA
10,125910,,2022-07-10,0.885,6666,6,7,0.0,test,-10,HL,0,1,comb_4,no,-8,NA,NA,NA,NA,NA,view,NA
10,125916,,2022-07-10,0.938,6666,6,7,0.0,test,-10,HL,0,0,comb_4,no,-10,NA,NA,NA,NA,NA,view,NA
10,125922,,2022-07-10,0.85,6666,6,7,0.0,test,-10,HL,0,0,comb_4,no,-8,NA,NA,NA,NA,NA,view,NA
10,125928,,2022-07-10,0.821,6666,6,7,0.0,test,-10,HL,0,1,comb_4,no,-12,NA,NA,NA,NA,NA,view,NA
10,125934,,2022-07-10,0.711,6666,6,7,0.0,test,-10,HL,0,0,comb_4,no,-10,NA,NA,NA,NA,NA,view,NA
10,125939,,2022-07-10,0.752,6666,6,7,0.0,test,-10,HL,0,0,comb_4,no,-10,NA,NA,NA,NA,NA,view,NA
10,125945,,2022-07-10,0.751,6666,6,7,0.0,test,-10,HL,0,1,comb_4,no,-9,NA,NA,NA,NA,NA,view,NA
10,125951,,2022-07-10,0.791,6666,6,7,0.0,test,-10,HL,0,1,comb_4,no,-11,NA,NA,NA,NA,NA,view,NA
10,125956,,2022-07-10,0.955,6666,6,7,0.0,test,-10,HL,0,0,comb_4,no,-15,NA,NA,NA,NA,NA,img,NA
10,130002,,2022-07-10,0.651,6666,6,7,0.0,test,-10,HL,0,1,comb_4,no,-7,NA,NA,NA,NA,NA,img,NA
10,130008,,2022-07-10,0.629,6666,6,7,0.0,test,-10,HL,0,0,comb_4,no,-14,NA,NA,NA,NA,NA,img,NA
10,130013,,2022-07-10,0.503,6666,6,7,0.0,test,-10,HL,0,0,comb_4,no,-15,NA,NA,NA,NA,NA,img,NA
10,130019,,2022-07-10,0.557,6666,6,7,0.0,test,-10,HL,0,1,comb_4,no,-5,NA,NA,NA,NA,NA,img,NA
10,130024,,2022-07-10,0.589,6666,6,7,0.0,test,-10,HL,0,1,comb_4,no,-6,NA,NA,NA,NA,NA,img,NA
10,130030,,2022-07-10,0.653,6666,6,7,0.0,test,-10,HL,0,0,comb_4,no,-6,NA,NA,NA,NA,NA,img,NA
10,130036,,2022-07-10,0.629,6666,6,7,0.0,test,-10,HL,0,0,comb_4,no,-15,NA,NA,NA,NA,NA,img,NA
10,130041,,2022-07-10,0.514,6666,6,7,0.0,test,-10,HL,0,0,comb_4,no,-5,NA,NA,NA,NA,NA,img,NA
10,130047,,2022-07-10,0.513,6666,6,7,0.0,test,-10,HL,0,1,comb_4,no,-14,NA,NA,NA,NA,NA,img,NA
10,130052,,2022-07-10,0.759,6666,6,7,0.0,test,-10,HL,0,1,comb_4,no,-15,NA,NA,NA,NA,NA,img,NA
10,130058,,2022-07-10,0.736,6666,6,7,0.0,test,-10,HL,0,1,comb_4,no,-7,NA,NA,NA,NA,NA,img,NA
10,130104,,2022-07-10,0.4,1,6,7,50.2,test,-10,HL,0,NA,comb_4,yes,-8,NA,NA,NA,NA,NA,NA,-8
10,130104,,2022-07-10,0.4,1,6,7,50.2,test,-10,HL,0,NA,comb_4,yes,-11,NA,NA,NA,NA,NA,NA,-9
10,130105,,2022-07-10,0.4,1,6,7,50.2,test,-10,HL,0,NA,comb_4,yes,-11,NA,NA,NA,NA,NA,NA,-10
10,130106,,2022-07-10,0.4,1,6,7,50.2,test,-10,HL,0,NA,comb_4,yes,-10,NA,NA,NA,NA,NA,NA,-10
10,130106,,2022-07-10,0.4,1,6,7,50.2,test,-10,HL,0,NA,comb_4,yes,-10,NA,NA,NA,NA,NA,NA,-12
10,130107,,2022-07-10,0.4,1,6,7,50.2,test,-10,HL,0,NA,comb_4,yes,-11,NA,NA,NA,NA,NA,NA,-11
10,130107,,2022-07-10,0.4,1,6,7,50.2,test,-10,HL,0,NA,comb_4,yes,-10,NA,NA,NA,NA,NA,NA,-9
10,130108,,2022-07-10,0.4,1,6,7,50.2,test,-10,HL,0,NA,comb_4,yes,-10,NA,NA,NA,NA,NA,NA,-11
10,130108,,2022-07-10,0.4,1,6,7,50.2,test,-10,HL,0,NA,comb_4,yes,-12,NA,NA,NA,NA,NA,NA,-12
10,130109,,2022-07-10,0.4,1,6,7,50.2,test,-10,HL,0,NA,comb_4,yes,-12,NA,NA,NA,NA,NA,NA,-10
10,130109,,2022-07-10,0.4,1,6,7,50.2,test,-10,HL,0,NA,comb_4,yes,-10,NA,NA,NA,NA,NA,NA,-8
10,130110,,2022-07-10,0.4,1,6,7,50.2,test,-10,HL,0,NA,comb_4,yes,-10,NA,NA,NA,NA,NA,NA,-10
10,130110,,2022-07-10,0.4,1,6,7,50.2,test,-10,HL,0,NA,comb_4,yes,-10,NA,NA,NA,NA,NA,NA,-10
10,130111,,2022-07-10,0.4,1,6,7,50.2,test,-10,HL,0,NA,comb_4,yes,-8,NA,NA,NA,NA,NA,NA,-12
10,130111,,2022-07-10,0.4,1,6,7,50.2,test,-10,HL,0,NA,comb_4,yes,-10,NA,NA,NA,NA,NA,NA,-11
10,130112,,2022-07-10,0.4,1,6,7,50.2,test,-10,HL,0,NA,comb_4,yes,-8,NA,NA,NA,NA,NA,NA,-9
10,130112,,2022-07-10,0.4,1,6,7,50.2,test,-10,HL,0,NA,comb_4,yes,-10,NA,NA,NA,NA,NA,NA,-10
10,130113,,2022-07-10,0.4,1,6,7,50.2,test,-10,HL,0,NA,comb_4,yes,-11,NA,NA,NA,NA,NA,NA,-8
10,130113,,2022-07-10,0.4,1,6,7,50.2,test,-10,HL,0,NA,comb_4,yes,-10,NA,NA,NA,NA,NA,NA,-10
10,130114,,2022-07-10,0.4,1,6,7,50.2,test,-10,HL,0,NA,comb_4,yes,-12,NA,NA,NA,NA,NA,NA,-11
10,130114,,2022-07-10,0.4,1,6,7,50.2,test,-10,HL,0,NA,comb_4,yes,-9,NA,NA,NA,NA,NA,NA,-8
10,130115,,2022-07-10,0.4,1,6,7,50.2,test,-10,HL,0,NA,comb_4,yes,-10,NA,NA,NA,NA,NA,NA,-10
10,130115,,2022-07-10,0.4,1,6,7,50.2,test,-10,HL,0,NA,comb_4,yes,-12,NA,NA,NA,NA,NA,NA,-12
10,130116,,2022-07-10,0.4,1,6,7,50.2,test,-10,HL,0,NA,comb_4,yes,-9,NA,NA,NA,NA,NA,NA,-9
10,130116,,2022-07-10,0.4,1,6,7,50.2,test,-10,HL,0,NA,comb_4,yes,-10,NA,NA,NA,NA,NA,NA,-12
10,130117,,2022-07-10,0.4,1,6,7,50.2,test,-10,HL,0,NA,comb_4,yes,-10,NA,NA,NA,NA,NA,NA,-10
10,130117,,2022-07-10,0.4,1,6,7,50.2,test,-10,HL,0,NA,comb_4,yes,-10,NA,NA,NA,NA,NA,NA,-10
10,130118,,2022-07-10,0.4,1,6,7,50.2,test,-10,HL,0,NA,comb_4,yes,-9,NA,NA,NA,NA,NA,NA,-9
10,130118,,2022-07-10,0.4,1,6,7,50.2,test,-10,HL,0,NA,comb_4,yes,-12,NA,NA,NA,NA,NA,NA,-8
10,130119,,2022-07-10,0.4,1,6,7,50.2,test,-10,HL,0,NA,comb_4,yes,-12,NA,NA,NA,NA,NA,NA,-11
10,130124,,2022-07-10,NA,NA,6,7,NA,test,-10,HL,0,1,comb_4,no,NA,-9.8,-0.3,-14.0,19.0,19.0,NA,NA
11,130154,,2022-07-10,0.628,6666,5,7,0.0,test,-8,LH,0,1,comb_4,no,-3,NA,NA,NA,NA,NA,view,NA
11,130200,,2022-07-10,0.67,6666,5,7,0.0,test,-8,LH,0,0,comb_4,no,-13,NA,NA,NA,NA,NA,view,NA
11,130205,,2022-07-10,0.731,6666,5,7,0.0,test,-8,LH,0,1,comb_4,no,-4,NA,NA,NA,NA,NA,view,NA
11,130211,,2022-07-10,0.518,6666,5,7,0.0,test,-8,LH,0,0,comb_4,no,-11,NA,NA,NA,NA,NA,view,NA
11,130216,,2022-07-10,0.683,6666,5,7,0.0,test,-8,LH,0,0,comb_4,no,-12,NA,NA,NA,NA,NA,view,NA
11,130222,,2022-07-10,0.973,6666,5,7,0.0,test,-8,LH,0,1,comb_4,no,-5,NA,NA,NA,NA,NA,view,NA
11,130228,,2022-07-10,0.877,6666,5,7,0.0,test,-8,LH,0,0,comb_4,no,-11,NA,NA,NA,NA,NA,view,NA
11,130234,,2022-07-10,0.508,6666,5,7,0.0,test,-8,LH,0,0,comb_4,no,-12,NA,NA,NA,NA,NA,view,NA
11,130239,,2022-07-10,0.524,6666,5,7,0.0,test,-8,LH,0,1,comb_4,no,-3,NA,NA,NA,NA,NA,view,NA
11,130245,,2022-07-10,0.692,6666,5,7,0.0,test,-8,LH,0,1,comb_4,no,-4,NA,NA,NA,NA,NA,view,NA
11,130250,,2022-07-10,0.844,6666,5,7,0.0,test,-8,LH,0,0,comb_4,no,-5,NA,NA,NA,NA,NA,view,NA
11,130256,,2022-07-10,0.585,6666,5,7,0.0,test,-8,LH,0,1,comb_4,no,-13,NA,NA,NA,NA,NA,view,NA
11,130302,,2022-07-10,0.556,6666,5,7,0.0,test,-8,LH,0,0,comb_4,no,-10,NA,NA,NA,NA,NA,img,NA
11,130307,,2022-07-10,0.581,6666,5,7,0.0,test,-8,LH,0,0,comb_4,no,-10,NA,NA,NA,NA,NA,img,NA
11,130313,,2022-07-10,0.904,6666,5,7,0.0,test,-8,LH,0,1,comb_4,no,-7,NA,NA,NA,NA,NA,img,NA
11,130318,,2022-07-10,0.953,6666,5,7,0.0,test,-8,LH,0,1,comb_4,no,-8,NA,NA,NA,NA,NA,img,NA
11,130324,,2022-07-10,0.928,6666,5,7,0.0,test,-8,LH,0,0,comb_4,no,-9,NA,NA,NA,NA,NA,img,NA
11,130330,,2022-07-10,0.61,6666,5,7,0.0,test,-8,LH,0,1,comb_4,no,-6,NA,NA,NA,NA,NA,img,NA
11,130336,,2022-07-10,0.959,6666,5,7,0.0,test,-8,LH,0,0,comb_4,no,-6,NA,NA,NA,NA,NA,img,NA
11,130342,,2022-07-10,0.604,6666,5,7,0.0,test,-8,LH,0,1,comb_4,no,-10,NA,NA,NA,NA,NA,img,NA
11,130347,,2022-07-10,0.502,6666,5,7,0.0,test,-8,LH,0,0,comb_4,no,-9,NA,NA,NA,NA,NA,img,NA
11,130353,,2022-07-10,0.72,6666,5,7,0.0,test,-8,LH,0,1,comb_4,no,-10,NA,NA,NA,NA,NA,img,NA
11,130358,,2022-07-10,0.828,6666,5,7,0.0,test,-8,LH,0,0,comb_4,no,-8,NA,NA,NA,NA,NA,img,NA
11,130404,,2022-07-10,0.631,6666,5,7,0.0,test,-8,LH,0,1,comb_4,no,-7,NA,NA,NA,NA,NA,img,NA
11,130410,,2022-07-10,0.4,1,5,7,50.2,test,-8,LH,0,NA,comb_4,yes,-5,NA,NA,NA,NA,NA,NA,-4
11,130411,,2022-07-10,0.4,1,5,7,50.2,test,-8,LH,0,NA,comb_4,yes,-12,NA,NA,NA,NA,NA,NA,-3
11,130411,,2022-07-10,0.4,1,5,7,50.2,test,-8,LH,0,NA,comb_4,yes,-13,NA,NA,NA,NA,NA,NA,-5
11,130412,,2022-07-10,0.4,1,5,7,50.2,test,-8,LH,0,NA,comb_4,yes,-3,NA,NA,NA,NA,NA,NA,-13
11,130412,,2022-07-10,0.4,1,5,7,50.2,test,-8,LH,0,NA,comb_4,yes,-3,NA,NA,NA,NA,NA,NA,-12
11,130413,,2022-07-10,0.4,1,5,7,50.2,test,-8,LH,0,NA,comb_4,yes,-4,NA,NA,NA,NA,NA,NA,-11
11,130413,,2022-07-10,0.4,1,5,7,50.2,test,-8,LH,0,NA,comb_4,yes,-4,NA,NA,NA,NA,NA,NA,-11
11,130414,,2022-07-10,0.4,1,5,7,50.2,test,-8,LH,0,NA,comb_4,yes,-13,NA,NA,NA,NA,NA,NA,-4
11,130414,,2022-07-10,0.4,1,5,7,50.2,test,-8,LH,0,NA,comb_4,yes,-4,NA,NA,NA,NA,NA,NA,-12
11,130415,,2022-07-10,0.4,1,5,7,50.2,test,-8,LH,0,NA,comb_4,yes,-5,NA,NA,NA,NA,NA,NA,-13
11,130415,,2022-07-10,0.4,1,5,7,50.2,test,-8,LH,0,NA,comb_4,yes,-3,NA,NA,NA,NA,NA,NA,-5
11,130416,,2022-07-10,0.4,1,5,7,50.2,test,-8,LH,0,NA,comb_4,yes,-11,NA,NA,NA,NA,NA,NA,-3
11,130416,,2022-07-10,0.4,1,5,7,50.2,test,-8,LH,0,NA,comb_4,yes,-13,NA,NA,NA,NA,NA,NA,-12
11,130417,,2022-07-10,0.4,1,5,7,50.2,test,-8,LH,0,NA,comb_4,yes,-12,NA,NA,NA,NA,NA,NA,-13
11,130418,,2022-07-10,0.4,1,5,7,50.2,test,-8,LH,0,NA,comb_4,yes,-3,NA,NA,NA,NA,NA,NA,-3
11,130418,,2022-07-10,0.4,1,5,7,50.2,test,-8,LH,0,NA,comb_4,yes,-3,NA,NA,NA,NA,NA,NA,-5
11,130419,,2022-07-10,0.4,1,5,7,50.2,test,-8,LH,0,NA,comb_4,yes,-3,NA,NA,NA,NA,NA,NA,-4
11,130419,,2022-07-10,0.4,1,5,7,50.2,test,-8,LH,0,NA,comb_4,yes,-4,NA,NA,NA,NA,NA,NA,-11
11,130420,,2022-07-10,0.4,1,5,7,50.2,test,-8,LH,0,NA,comb_4,yes,-5,NA,NA,NA,NA,NA,NA,-5
11,130420,,2022-07-10,0.4,1,5,7,50.2,test,-8,LH,0,NA,comb_4,yes,-11,NA,NA,NA,NA,NA,NA,-13
11,130421,,2022-07-10,0.4,1,5,7,50.2,test,-8,LH,0,NA,comb_4,yes,-5,NA,NA,NA,NA,NA,NA,-11
11,130421,,2022-07-10,0.4,1,5,7,50.2,test,-8,LH,0,NA,comb_4,yes,-3,NA,NA,NA,NA,NA,NA,-4
11,130422,,2022-07-10,0.4,1,5,7,50.2,test,-8,LH,0,NA,comb_4,yes,-5,NA,NA,NA,NA,NA,NA,-12
11,130422,,2022-07-10,0.4,1,5,7,50.2,test,-8,LH,0,NA,comb_4,yes,-5,NA,NA,NA,NA,NA,NA,-3
11,130423,,2022-07-10,0.4,1,5,7,50.2,test,-8,LH,0,NA,comb_4,yes,-12,NA,NA,NA,NA,NA,NA,-13
11,130423,,2022-07-10,0.4,1,5,7,50.2,test,-8,LH,0,NA,comb_4,yes,-4,NA,NA,NA,NA,NA,NA,-5
11,130424,,2022-07-10,0.4,1,5,7,50.2,test,-8,LH,0,NA,comb_4,yes,-4,NA,NA,NA,NA,NA,NA,-4
11,130424,,2022-07-10,0.4,1,5,7,50.2,test,-8,LH,0,NA,comb_4,yes,-4,NA,NA,NA,NA,NA,NA,-11
11,130425,,2022-07-10,0.4,1,5,7,50.2,test,-8,LH,0,NA,comb_4,yes,-3,NA,NA,NA,NA,NA,NA,-12
11,130425,,2022-07-10,0.4,1,5,7,50.2,test,-8,LH,0,NA,comb_4,yes,-12,NA,NA,NA,NA,NA,NA,-3
11,130430,,2022-07-10,NA,NA,5,7,NA,test,-8,LH,0,1,comb_4,no,NA,-10.5,-1.7,-10.9,17.8,17.4,NA,NA
